"","parque","idade","sexo","escolar","renda","infraestrutura","sombra","temperatura","lance1","lance2","resp1","resp2"
"1","sitio da trindade",50,1,1,62000,0,1,1,31,48,"1","0"
"2","sitio da trindade",35,1,1,17000,0,1,1,4,66,"1","0"
"3","sitio da trindade",50,1,1,16000,1,1,1,9,21,"1","1"
"4","sitio da trindade",67,0,1,15000,0,0,0,45,70,"1","0"
"5","sitio da trindade",41,1,1,15000,0,1,1,2,14,"1","1"
"6","sitio da trindade",31,0,1,15000,1,1,1,29,48,"1","0"
"7","sitio da trindade",47,1,1,13500,0,1,1,10,13,"1","0"
"8","sitio da trindade",30,0,1,13000,1,1,1,41,70,"1","0"
"9","sitio da trindade",62,1,1,12000,0,1,1,4,44,"1","0"
"10","sitio da trindade",41,1,1,11000,0,1,0,17,58,"1","0"
"11","sitio da trindade",39,0,0,11000,0,0,1,3,53,"1","0"
"12","sitio da trindade",80,1,1,10000,0,0,0,45,8,"0","1"
"13","sitio da trindade",68,1,1,10000,0,0,0,69,34,"0","1"
"14","sitio da trindade",66,1,1,10000,0,0,0,61,37,"0","0"
"15","sitio da trindade",46,1,1,10000,0,1,1,38,61,"1","0"
"16","sitio da trindade",40,0,1,10000,0,1,1,1,55,"1","0"
"17","sitio da trindade",38,0,1,10000,0,0,0,20,28,"1","0"
"18","sitio da trindade",34,0,1,10000,0,1,0,4,24,"1","0"
"19","sitio da trindade",61,0,1,8000,1,1,1,62,10,"0","0"
"20","sitio da trindade",59,0,1,8000,0,1,0,39,69,"1","0"
"21","sitio da trindade",49,1,1,8000,1,1,1,3,10,"1","1"
"22","sitio da trindade",39,1,1,8000,0,1,1,59,70,"1","0"
"23","sitio da trindade",36,1,1,7500,1,1,1,36,65,"1","0"
"24","sitio da trindade",35,1,1,7000,0,1,1,2,66,"1","0"
"25","sitio da trindade",33,0,1,7000,0,1,0,28,61,"1","0"
"26","sitio da trindade",33,1,1,6500,0,1,1,43,64,"1","1"
"27","sitio da trindade",39,1,1,6000,0,1,1,3,34,"1","0"
"28","sitio da trindade",33,1,1,6000,0,0,0,47,50,"1","0"
"29","sitio da trindade",39,0,1,5000,0,1,0,39,70,"1","0"
"30","sitio da trindade",30,1,1,5000,0,1,1,8,13,"1","1"
"31","sitio da trindade",35,1,0,4500,1,0,0,68,51,"0","0"
"32","sitio da trindade",33,0,1,4491,1,1,1,10,15,"1","1"
"33","sitio da trindade",50,1,1,4000,1,1,0,21,61,"1","0"
"34","sitio da trindade",30,0,1,4000,1,1,1,16,41,"1","0"
"35","sitio da trindade",40,1,1,3992,0,1,1,20,7,"0","0"
"36","sitio da trindade",28,1,1,3500,0,1,1,13,42,"1","0"
"37","sitio da trindade",62,1,0,3000,0,1,1,5,45,"1","0"
"38","sitio da trindade",41,0,0,3000,0,0,0,14,26,"1","1"
"39","sitio da trindade",37,0,1,3000,1,1,1,27,69,"1","0"
"40","sitio da trindade",36,0,1,3000,0,1,1,8,46,"1","0"
"41","sitio da trindade",31,0,1,3000,0,1,1,11,32,"1","0"
"42","sitio da trindade",26,0,1,3000,0,0,0,24,30,"1","0"
"43","sitio da trindade",42,0,1,2800,1,0,0,19,21,"1","0"
"44","sitio da trindade",54,1,1,2500,0,0,0,28,3,"0","0"
"45","sitio da trindade",51,1,1,2500,1,1,1,32,31,"0","0"
"46","sitio da trindade",32,1,0,2500,1,1,1,20,23,"1","1"
"47","sitio da trindade",34,1,0,2300,0,0,0,70,57,"0","0"
"48","sitio da trindade",53,0,1,2100,0,0,1,6,54,"1","0"
"49","sitio da trindade",57,0,0,2000,0,1,1,2,10,"1","1"
"50","sitio da trindade",56,0,1,2000,1,1,1,4,47,"1","0"
"51","sitio da trindade",53,1,1,2000,0,1,1,21,52,"1","0"
"52","sitio da trindade",45,1,0,2000,1,1,1,12,31,"1","0"
"53","sitio da trindade",30,0,1,2000,1,1,1,8,63,"1","0"
"54","sitio da trindade",20,1,1,2000,0,0,0,24,70,"1","0"
"55","sitio da trindade",25,1,0,1800,0,1,1,17,68,"1","0"
"56","sitio da trindade",46,0,1,1500,0,1,0,2,62,"1","1"
"57","sitio da trindade",46,0,0,1500,1,1,1,67,68,"1","1"
"58","sitio da trindade",38,0,0,1500,1,0,1,41,69,"1","0"
"59","sitio da trindade",36,0,0,1500,1,1,1,42,66,"1","0"
"60","sitio da trindade",27,0,1,1500,0,1,0,63,8,"0","1"
"61","sitio da trindade",29,0,0,1400,1,1,0,68,26,"0","0"
"62","sitio da trindade",24,1,0,1400,1,1,1,4,1,"0","1"
"63","sitio da trindade",28,0,0,1300,0,0,0,44,56,"1","0"
"64","sitio da trindade",24,0,0,1300,1,1,1,4,63,"1","0"
"65","sitio da trindade",51,1,0,1200,1,1,1,26,25,"0","1"
"66","sitio da trindade",31,1,0,1000,1,1,1,67,69,"1","1"
"67","sitio da trindade",22,1,1,1000,0,0,0,12,68,"1","1"
"68","sitio da trindade",63,0,0,998,1,1,1,38,51,"1","1"
"69","sitio da trindade",49,0,0,998,0,0,0,46,9,"0","0"
"70","sitio da trindade",46,1,0,998,0,0,0,44,20,"0","1"
"71","sitio da trindade",32,1,0,998,0,1,1,15,18,"1","1"
"72","sitio da trindade",62,1,0,980,1,1,0,68,69,"1","1"
"73","sitio da trindade",22,1,0,800,0,0,0,31,15,"0","1"
"74","sitio da trindade",53,0,0,400,0,0,0,67,30,"0","0"
"75","sitio da trindade",36,0,0,300,0,1,0,60,69,"1","0"
"76","sitio da trindade",61,0,0,200,1,1,1,47,53,"1","0"
"77","13demaio",25,0,1,1500,1,1,1,63,39,"0","1"
"78","13demaio",30,0,0,1300,0,1,1,54,37,"0","0"
"79","13demaio",71,0,0,1780,0,1,1,9,6,"0","0"
"80","13demaio",42,1,0,1200,1,1,1,19,52,"1","0"
"81","13demaio",27,0,0,244,0,1,1,70,23,"0","0"
"82","13demaio",32,0,0,650,1,1,1,19,4,"0","0"
"83","13demaio",42,0,0,300,1,0,0,43,25,"0","0"
"84","13demaio",31,0,0,998,1,1,1,9,45,"1","1"
"85","13demaio",33,0,0,1500,0,0,0,65,56,"0","1"
"86","13demaio",18,0,0,600,0,1,0,23,18,"0","1"
"87","13demaio",58,0,0,1200,0,1,1,8,26,"1","0"
"88","13demaio",24,0,0,250,1,1,1,33,36,"1","1"
"89","13demaio",67,1,0,4000,0,1,0,61,57,"0","0"
"90","13demaio",49,1,1,25000,0,0,0,35,2,"0","0"
"91","13demaio",70,1,0,6000,1,1,1,46,27,"0","0"
"92","13demaio",45,1,1,2300,0,1,1,45,34,"0","0"
"93","13demaio",44,1,1,5000,0,0,1,39,1,"0","1"
"94","13demaio",40,1,0,5000,0,1,1,30,59,"1","0"
"95","13demaio",43,0,0,200,1,1,1,55,60,"1","1"
"96","13demaio",20,0,0,600,0,1,0,30,58,"1","1"
"97","13demaio",65,1,0,998,1,1,1,34,26,"0","1"
"98","13demaio",58,1,1,11000,1,1,1,1,58,"1","1"
"99","13demaio",39,1,0,4000,0,1,1,55,63,"1","1"
"100","13demaio",19,1,0,2000,1,1,1,25,47,"1","1"
"101","13demaio",21,1,0,1500,0,1,1,18,63,"1","1"
"102","13demaio",30,1,0,1433,0,1,1,53,45,"0","0"
"103","13demaio",40,1,0,2500,1,1,1,22,21,"0","0"
"104","13demaio",24,1,0,2500,1,1,1,50,51,"1","1"
"105","13demaio",26,1,1,15000,1,1,1,19,53,"1","1"
"106","13demaio",52,1,0,3800,1,1,1,13,62,"1","0"
"107","13demaio",53,0,0,1000,0,0,1,51,54,"1","1"
"108","13demaio",28,0,1,1300,0,1,1,26,35,"1","0"
"109","13demaio",45,1,0,3500,0,1,1,63,67,"1","1"
"110","13demaio",46,1,1,2300,0,1,1,3,61,"1","0"
"111","13demaio",33,1,0,900,1,1,1,16,44,"1","0"
"112","13demaio",26,0,0,900,0,1,1,20,43,"1","1"
"113","13demaio",54,0,1,2000,1,1,1,7,47,"1","0"
"114","13demaio",33,0,0,1200,1,0,1,60,52,"0","0"
"115","13demaio",53,1,0,998,1,1,1,15,40,"1","0"
"116","13demaio",40,0,0,1000,0,1,1,25,6,"0","0"
"117","13demaio",28,1,0,1000,1,1,1,57,53,"0","1"
"118","13demaio",40,0,0,1000,1,1,1,2,25,"1","0"
"119","13demaio",28,1,0,1300,1,1,0,26,30,"1","1"
"120","13demaio",23,0,0,1000,1,1,1,58,68,"1","0"
"121","13demaio",38,0,0,1000,1,1,1,64,67,"1","0"
"122","13demaio",75,1,0,1000,1,1,0,37,29,"0","0"
"123","13demaio",50,1,0,2500,1,1,1,19,42,"1","0"
"124","13demaio",30,1,0,2000,0,1,0,35,58,"1","0"
"125","13demaio",29,1,1,1000,0,1,1,38,41,"1","1"
"126","13demaio",33,1,1,5600,0,1,1,26,26,"0","0"
"127","13demaio",33,1,1,2000,1,1,1,48,52,"1","1"
"128","13demaio",50,0,0,998,0,1,1,56,13,"0","0"
"129","13demaio",51,0,0,1200,1,1,1,32,19,"0","1"
"130","13demaio",60,1,0,3000,0,1,0,36,32,"0","0"
"131","13demaio",46,0,1,1400,1,1,1,25,29,"1","0"
"132","13demaio",65,0,0,998,1,1,1,12,3,"0","0"
"133","13demaio",39,1,0,1200,0,0,1,69,39,"0","0"
"134","13demaio",55,1,0,4200,1,1,1,25,52,"1","1"
"135","13demaio",56,1,1,5000,0,1,1,42,50,"1","1"
"136","13demaio",41,1,1,2000,0,1,1,65,34,"0","0"
"137","13demaio",29,1,1,998,0,0,1,48,27,"0","0"
"138","13demaio",33,1,0,4800,0,1,1,48,23,"0","0"
"139","13demaio",71,1,0,1000,1,1,1,51,26,"0","0"
"140","13demaio",45,1,0,998,0,1,0,4,2,"0","0"
"141","13demaio",38,1,0,1000,1,1,1,23,8,"0","0"
"142","13demaio",50,1,0,998,0,1,1,16,5,"0","0"
"143","13demaio",27,1,0,998,0,1,1,28,27,"0","0"
"144","13demaio",30,1,0,1500,0,1,1,57,62,"1","1"
"145","13demaio",59,1,0,998,1,1,0,56,62,"1","1"
"146","13demaio",40,0,0,998,1,1,1,51,68,"1","1"
"147","13demaio",26,1,0,1080,1,1,1,18,59,"1","0"
"148","13demaio",22,0,0,384,0,1,0,53,59,"1","0"
"149","13demaio",58,0,0,170,0,1,0,38,51,"1","0"
"150","13demaio",48,0,0,200,0,0,1,50,65,"1","1"
"151","13demaio",34,1,0,1000,1,1,1,48,68,"1","1"
"152","13demaio",26,1,0,15000,1,0,1,33,34,"1","1"
"153","13demaio",55,1,0,1300,1,1,1,48,56,"1","1"
"154","13demaio",28,1,0,400,1,1,1,37,19,"0","0"
"155","13demaio",34,0,0,998,1,1,1,12,22,"1","0"
"156","13demaio",41,1,0,1000,0,1,1,44,22,"0","0"
"157","13demaio",40,1,0,91,1,1,0,16,60,"1","0"
"158","13demaio",57,0,1,2500,0,1,0,10,13,"1","0"
"159","13demaio",53,0,1,5000,0,1,0,12,20,"1","0"
"160","13demaio",36,0,0,1000,0,1,0,3,31,"1","0"
"161","13demaio",36,0,0,1500,0,0,0,24,13,"0","0"
"162","13demaio",64,0,0,998,1,1,1,25,21,"0","0"
"163","13demaio",28,0,0,91,1,1,1,63,33,"0","0"
"164","13demaio",42,1,0,1100,1,1,1,38,64,"1","1"
"165","13demaio",46,0,0,500,1,1,1,65,66,"1","0"
"166","13demaio",38,1,0,998,1,1,1,47,22,"0","0"
"167","13demaio",42,1,0,700,1,1,1,69,70,"1","1"
"168","13demaio",63,1,0,600,1,1,1,33,48,"1","1"
"169","13demaio",54,0,1,3000,0,1,0,37,66,"1","1"
"170","13demaio",20,1,0,250,1,1,0,8,2,"0","0"
"171","13demaio",20,1,0,1200,0,1,1,33,35,"1","0"
"172","13demaio",33,1,0,1500,0,1,0,21,40,"1","1"
"173","13demaio",30,0,0,253,1,0,0,54,26,"0","1"
"174","13demaio",31,1,0,998,1,1,1,39,68,"1","1"
"175","13demaio",31,1,1,1000,0,1,0,22,31,"1","0"
"176","13demaio",34,1,1,3000,0,0,0,7,4,"0","0"
"177","13demaio",65,1,1,15000,0,1,1,20,67,"1","1"
"178","13demaio",54,0,0,998,0,1,1,60,49,"0","0"
"179","13demaio",23,1,0,1000,0,1,1,44,61,"1","1"
"180","13demaio",28,0,0,1300,0,1,1,12,25,"1","1"
"181","13demaio",52,1,0,2000,0,1,1,50,32,"0","0"
"182","13demaio",21,0,0,1500,0,0,0,39,9,"0","0"
"183","13demaio",40,1,0,998,1,1,1,20,3,"0","0"
"184","13demaio",28,0,0,998,1,1,1,51,45,"0","0"
"185","13demaio",51,1,0,2300,0,1,1,2,23,"1","1"
"186","13demaio",21,0,0,1075,0,1,1,13,18,"1","1"
"187","13demaio",34,1,0,2000,1,1,1,25,57,"1","1"
"188","13demaio",32,0,0,370,0,1,1,48,67,"1","0"
"189","13demaio",71,1,0,2000,0,1,1,21,13,"0","0"
"190","13demaio",28,0,0,1225,1,1,1,23,44,"1","0"
"191","13demaio",45,1,1,2000,0,1,1,44,64,"1","0"
"192","13demaio",40,1,0,1800,1,1,1,51,9,"0","0"
"193","13demaio",19,0,1,700,0,0,0,16,11,"0","0"
"194","13demaio",25,1,0,1000,0,1,1,20,61,"1","1"
"195","13demaio",42,1,1,2000,0,0,1,25,1,"0","0"
"196","13demaio",47,1,1,2000,0,0,1,15,48,"1","1"
"197","13demaio",56,1,0,1500,0,0,0,20,28,"1","1"
"198","13demaio",38,1,1,1700,0,1,1,10,63,"1","1"
"199","13demaio",34,1,0,1200,0,0,0,64,68,"1","1"
"200","13demaio",25,1,0,700,0,1,1,50,34,"0","0"
"201","13demaio",32,0,0,1300,0,1,0,28,25,"0","1"
"202","13demaio",31,1,0,998,1,0,1,68,31,"0","0"
"203","13demaio",46,0,0,2500,0,1,1,3,56,"1","0"
"204","13demaio",50,1,0,2500,0,1,1,25,66,"1","1"
"205","13demaio",32,1,0,1400,1,0,1,40,10,"0","0"
"206","13demaio",31,1,0,998,0,1,1,64,67,"1","1"
"207","13demaio",34,0,0,900,0,1,1,30,70,"1","1"
"208","13demaio",60,1,0,998,0,1,1,55,29,"0","0"
"209","13demaio",27,1,0,2000,1,1,1,13,69,"1","0"
"210","13demaio",35,0,0,350,1,1,1,65,66,"1","1"
"211","13demaio",35,1,0,998,0,1,0,45,47,"1","1"
"212","13demaio",56,0,0,1200,0,1,1,12,68,"1","0"
"213","13demaio",52,1,0,2700,0,1,1,36,6,"0","0"
"214","13demaio",45,1,0,1000,1,1,1,17,22,"1","1"
"215","santosdumont",34,0,0,1800,1,1,1,26,64,"1","0"
"216","santosdumont",30,0,1,2500,1,0,0,15,57,"1","0"
"217","santosdumont",33,0,0,600,0,0,0,10,47,"1","1"
"218","santosdumont",42,0,1,5000,1,1,1,9,63,"1","0"
"219","santosdumont",48,0,0,5000,1,1,1,31,67,"1","0"
"220","santosdumont",24,1,0,2900,1,1,1,33,63,"1","0"
"221","santosdumont",41,1,1,10000,1,1,1,11,19,"1","1"
"222","santosdumont",73,1,0,1800,1,1,1,53,24,"0","0"
"223","santosdumont",28,1,0,6000,1,1,1,37,62,"1","0"
"224","santosdumont",34,0,1,8000,1,1,1,27,44,"1","1"
"225","santosdumont",20,1,0,500,1,0,1,11,56,"1","1"
"226","santosdumont",34,0,0,1000,1,1,1,7,58,"1","1"
"227","santosdumont",35,1,1,7000,1,1,1,15,56,"1","1"
"228","santosdumont",65,1,1,12000,1,0,1,9,19,"1","1"
"229","santosdumont",50,1,1,5000,1,0,0,26,10,"0","1"
"230","santosdumont",51,0,1,7000,1,0,1,43,64,"1","1"
"231","santosdumont",30,0,1,2000,1,0,1,44,54,"1","1"
"232","santosdumont",28,0,0,1200,0,0,0,46,27,"0","1"
"233","santosdumont",28,1,0,150,0,1,1,22,1,"0","1"
"234","santosdumont",46,0,0,2000,0,1,1,27,23,"0","0"
"235","santosdumont",25,0,1,3600,1,0,1,16,37,"1","1"
"236","santosdumont",41,0,0,6000,1,1,1,46,16,"0","0"
"237","santosdumont",36,1,0,4000,1,1,1,30,3,"0","1"
"238","santosdumont",33,0,0,1000,1,1,1,48,68,"1","1"
"239","santosdumont",46,0,0,800,1,1,1,41,66,"1","1"
"240","santosdumont",53,0,1,2500,1,1,0,10,59,"1","0"
"241","santosdumont",27,0,1,2500,1,0,1,6,18,"1","1"
"242","santosdumont",49,1,1,2000,0,0,0,53,54,"1","0"
"243","santosdumont",63,0,0,6000,1,1,1,57,5,"0","1"
"244","santosdumont",33,0,1,3000,1,1,1,23,38,"1","1"
"245","santosdumont",54,1,0,900,0,1,1,16,44,"1","0"
"246","santosdumont",27,1,0,4000,1,1,1,13,51,"1","0"
"247","santosdumont",43,1,1,2000,0,0,0,21,23,"1","1"
"248","santosdumont",32,0,1,1800,1,1,1,31,55,"1","0"
"249","santosdumont",47,1,1,8000,1,1,1,46,58,"1","1"
"250","santosdumont",45,0,1,1500,1,0,0,65,13,"0","0"
"251","santosdumont",49,0,1,2000,1,0,1,61,56,"0","0"
"252","santosdumont",63,1,1,6000,0,0,0,2,4,"1","0"
"253","santosdumont",19,1,0,980,1,1,0,35,62,"1","0"
"254","santosdumont",20,0,0,1150,1,1,1,45,49,"1","0"
"255","santosdumont",19,1,0,1300,1,0,1,34,36,"1","1"
"256","santosdumont",77,0,0,980,1,1,1,41,30,"0","1"
"257","santosdumont",41,1,1,7000,0,0,0,32,34,"1","1"
"258","santosdumont",40,0,1,6000,1,0,1,10,28,"1","0"
"259","santosdumont",65,0,0,2000,1,1,1,47,62,"1","1"
"260","santosdumont",36,0,0,3000,1,1,1,58,66,"1","1"
"261","santosdumont",62,1,1,30000,0,1,1,6,23,"1","1"
"262","santosdumont",51,0,0,1000,1,1,1,33,7,"0","0"
"263","santosdumont",34,1,1,20000,1,1,1,47,50,"1","1"
"264","santosdumont",41,1,1,10000,0,0,0,24,4,"0","1"
"265","santosdumont",37,0,0,1200,1,1,1,19,28,"1","0"
"266","santosdumont",59,0,0,2900,1,0,1,9,23,"1","0"
"267","santosdumont",60,0,0,2500,0,0,0,66,31,"0","0"
"268","santosdumont",34,1,1,5000,1,1,1,2,22,"1","0"
"269","santosdumont",37,1,0,2000,1,1,1,41,53,"1","1"
"270","santosdumont",39,1,0,2900,1,1,1,34,66,"1","0"
"271","santosdumont",53,0,0,1800,1,0,1,35,60,"1","0"
"272","santosdumont",38,0,1,600,1,1,0,41,48,"1","0"
"273","santosdumont",18,1,0,468,1,1,0,57,62,"1","1"
"274","santosdumont",31,1,1,14000,1,1,1,29,36,"1","0"
"275","santosdumont",23,1,0,2200,1,1,1,65,68,"1","1"
"276","santosdumont",60,1,1,2000,0,0,0,12,10,"0","0"
"277","santosdumont",22,0,1,1500,1,1,1,16,44,"1","0"
"278","santosdumont",67,1,1,5000,1,1,1,67,70,"1","0"
"279","santosdumont",44,1,1,8000,1,1,1,16,37,"1","1"
"280","santosdumont",43,0,1,4500,1,0,0,62,13,"0","1"
"281","santosdumont",52,0,0,5000,0,1,0,68,33,"0","0"
"282","santosdumont",36,0,1,6000,1,1,1,47,26,"0","0"
"283","santosdumont",19,1,0,1000,1,1,0,28,45,"1","1"
"284","santosdumont",40,1,1,6000,0,1,0,14,31,"1","1"
"285","santosdumont",23,0,0,800,1,1,0,67,68,"1","1"
"286","santosdumont",53,1,1,10000,1,1,1,19,67,"1","1"
"287","santosdumont",33,1,1,8000,1,1,0,22,18,"0","0"
"288","santosdumont",51,1,1,6000,1,1,1,7,25,"1","1"
"289","santosdumont",32,1,1,7000,1,1,1,28,67,"1","1"
"290","santosdumont",50,0,1,3000,1,0,0,20,66,"1","1"
"291","santosdumont",40,1,0,2000,0,0,0,8,56,"1","1"
"292","santosdumont",49,1,1,8000,1,0,1,16,64,"1","1"
"293","santosdumont",63,0,0,1200,0,1,0,8,68,"1","1"
"294","santosdumont",51,1,1,4300,0,1,1,25,55,"1","0"
"295","santosdumont",36,0,1,3800,0,0,1,4,58,"1","1"
"296","santosdumont",48,1,0,3000,1,1,1,14,63,"1","0"
"297","santosdumont",71,1,0,3300,1,1,0,43,47,"1","1"
"298","santosdumont",33,0,0,1850,1,0,0,35,65,"1","0"
"299","santosdumont",58,1,1,2800,1,1,1,11,49,"1","1"
"300","santosdumont",36,1,0,1400,1,0,1,38,64,"1","1"
"301","santosdumont",46,0,0,1700,1,1,1,14,44,"1","1"
"302","santosdumont",34,0,0,1800,1,1,1,26,64,"1","0"
"303","santosdumont",30,0,1,2500,1,0,0,15,57,"1","0"
"304","santosdumont",33,0,0,600,0,0,0,10,47,"1","1"
"305","santosdumont",42,0,1,5000,1,1,1,9,63,"1","0"
"306","santosdumont",48,0,0,5000,1,1,1,31,67,"1","0"
"307","santosdumont",24,1,0,2900,1,1,1,33,63,"1","0"
"308","santosdumont",41,1,1,10000,1,1,1,11,19,"1","1"
"309","santosdumont",73,1,0,1800,1,1,1,24,53,"1","0"
"310","santosdumont",28,1,0,6000,1,1,1,37,62,"1","0"
"311","santosdumont",34,0,1,8000,1,1,1,27,44,"1","1"
"312","santosdumont",20,1,0,500,1,0,1,11,56,"1","1"
"313","santosdumont",34,0,0,1000,1,1,1,7,58,"1","1"
"314","santosdumont",51,1,1,6000,1,1,1,7,25,"1","1"
"315","santosdumont",32,1,1,7000,1,1,1,28,67,"1","1"
"316","santosdumont",50,0,1,3000,1,0,0,20,66,"1","1"
"317","santosdumont",40,1,0,2000,0,0,0,8,56,"1","1"
"318","santosdumont",49,1,1,8000,1,0,1,16,64,"1","1"
"319","santosdumont",63,0,0,1200,0,1,0,8,68,"1","1"
"320","santosdumont",51,1,1,4300,0,1,1,25,55,"1","0"
"321","santosdumont",36,0,1,3800,0,0,1,4,58,"1","1"
"322","santosdumont",48,1,0,3000,1,1,1,14,63,"1","0"
"323","santosdumont",71,1,0,3300,1,1,0,43,47,"1","1"
"324","santosdumont",33,0,0,1850,1,0,0,35,65,"1","0"
"325","santosdumont",58,1,1,2800,1,1,1,11,49,"1","1"
"326","santosdumont",36,1,0,1400,1,0,1,38,64,"1","1"
"327","santosdumont",46,0,0,1700,1,1,1,14,44,"1","1"
"328","santosdumont",29,0,1,5000,1,0,0,36,62,"1","0"
"329","santosdumont",35,0,1,7000,0,0,0,31,45,"1","0"
"330","santosdumont",26,0,1,4000,1,1,1,2,62,"1","0"
"331","santosdumont",40,1,1,5000,1,1,0,35,69,"1","0"
"332","santosdumont",35,1,0,7000,1,1,1,24,66,"1","1"
"333","santosdumont",65,0,0,4000,1,1,1,10,68,"1","0"
"334","santosdumont",60,1,1,8000,1,0,0,35,57,"1","1"
"335","santosdumont",39,0,0,1000,1,1,1,39,65,"1","1"
"336","santosdumont",34,0,1,10000,0,0,1,34,70,"1","0"
"337","santosdumont",45,0,1,3000,1,1,1,38,52,"1","0"
"338","santosdumont",41,0,1,5000,0,1,1,14,39,"1","1"
"339","santosdumont",30,0,1,600,0,0,1,6,69,"1","1"
"340","santosdumont",26,1,0,1000,0,1,1,12,53,"1","0"
"341","santosdumont",24,0,1,2000,1,1,1,46,68,"1","0"
"342","santosdumont",70,1,0,3500,1,1,1,31,52,"1","0"
"343","lindu",52,1,0,900,0,1,1,41,57,"1","1"
"344","lindu",32,0,1,2000,0,1,1,28,21,"0","0"
"345","lindu",65,1,0,1500,0,1,0,12,50,"1","1"
"346","lindu",27,0,0,90,1,1,1,45,1,"0","0"
"347","lindu",38,0,1,2100,1,1,1,6,41,"1","1"
"348","lindu",34,0,1,5000,0,1,0,10,26,"1","0"
"349","lindu",51,1,1,8000,0,1,0,24,44,"1","0"
"350","lindu",18,1,0,1700,0,1,0,5,6,"1","1"
"351","lindu",28,0,1,1000,1,1,1,36,13,"0","1"
"352","lindu",58,0,1,1800,0,1,1,66,21,"0","0"
"353","lindu",52,0,0,1500,1,1,1,49,66,"1","0"
"354","lindu",20,0,0,1000,1,1,1,27,39,"1","1"
"355","lindu",36,0,1,3000,1,1,1,34,37,"1","1"
"356","lindu",55,1,0,920,1,1,1,37,21,"0","1"
"357","lindu",46,1,0,3000,0,1,0,46,5,"0","0"
"358","lindu",36,0,0,500,1,1,1,15,62,"1","0"
"359","lindu",59,0,1,7000,0,0,0,26,7,"0","0"
"360","lindu",32,1,1,10000,1,1,1,19,5,"0","0"
"361","lindu",19,0,0,450,0,1,1,20,37,"1","1"
"362","lindu",27,0,0,900,1,1,0,19,57,"1","0"
"363","lindu",40,1,1,10000,1,0,0,56,59,"1","1"
"364","lindu",37,1,0,7000,0,1,1,44,36,"0","1"
"365","lindu",27,0,0,900,1,1,1,54,60,"1","1"
"366","lindu",24,1,1,1500,1,0,0,53,70,"1","0"
"367","lindu",48,0,1,3000,1,1,1,4,12,"1","1"
"368","lindu",30,0,0,2000,1,1,1,46,59,"1","0"
"369","lindu",33,1,1,2500,0,1,1,6,37,"1","0"
"370","lindu",52,1,0,3000,1,1,1,58,70,"1","1"
"371","lindu",42,1,0,2200,1,1,0,68,66,"0","0"
"372","lindu",46,1,1,10800,0,0,1,63,10,"0","0"
"373","lindu",19,0,0,940,1,1,0,67,20,"0","1"
"374","lindu",36,0,1,12000,0,1,1,30,31,"1","1"
"375","lindu",43,0,1,998,1,1,1,20,33,"1","0"
"376","lindu",57,0,1,4000,1,1,0,3,70,"1","0"
"377","lindu",62,0,1,5000,1,1,1,2,4,"1","1"
"378","lindu",38,1,0,1800,1,1,1,36,70,"1","1"
"379","lindu",36,0,1,2000,1,1,1,54,65,"1","0"
"380","lindu",78,0,1,3600,1,1,1,37,42,"1","0"
"381","lindu",23,0,0,1100,0,1,1,12,18,"1","1"
"382","lindu",42,1,1,7000,1,1,1,7,16,"1","1"
"383","lindu",65,0,0,998,0,0,0,19,18,"0","0"
"384","lindu",40,0,0,500,1,1,1,59,10,"0","0"
"385","lindu",38,0,1,1200,1,1,1,68,14,"0","0"
"386","lindu",33,0,0,998,1,1,1,32,68,"1","0"
"387","lindu",33,0,0,1400,1,1,1,2,39,"1","0"
"388","lindu",39,0,0,998,1,1,1,62,67,"1","0"
"389","lindu",38,1,1,4500,1,0,1,62,67,"1","1"
"390","lindu",38,1,0,2040,1,1,1,30,60,"1","0"
"391","lindu",39,0,1,5000,1,1,1,1,28,"1","1"
"392","lindu",50,1,0,4000,1,1,0,63,39,"0","0"
"393","lindu",30,1,0,1300,1,1,1,42,5,"0","1"
"394","lindu",41,0,1,600,1,1,0,37,59,"1","0"
"395","lindu",35,0,0,1000,0,1,1,41,25,"0","0"
"396","lindu",36,1,0,2000,1,1,0,39,40,"1","1"
"397","lindu",41,1,0,2000,1,1,1,38,45,"1","1"
"398","lindu",36,1,1,14000,0,1,1,18,32,"1","0"
"399","lindu",23,0,0,1800,1,1,1,29,62,"1","1"
"400","lindu",59,0,1,1800,1,1,1,13,16,"1","1"
"401","lindu",53,1,0,2000,1,1,1,13,16,"1","1"
"402","lindu",59,0,0,1000,1,1,0,46,48,"1","1"
"403","lindu",33,0,1,3000,0,1,0,25,2,"0","0"
"404","lindu",41,1,1,18000,1,0,1,48,36,"0","1"
"405","lindu",23,1,0,1000,1,1,1,50,24,"0","0"
"406","lindu",41,1,1,15000,1,1,1,70,20,"0","0"
"407","lindu",52,0,1,1000,0,1,1,37,10,"0","1"
"408","lindu",49,0,0,2000,0,1,0,15,9,"0","1"
"409","lindu",36,0,0,15000,0,1,1,53,52,"0","1"
"410","lindu",39,1,1,6000,1,1,1,50,11,"0","0"
"411","lindu",61,0,0,1800,1,1,0,32,18,"0","0"
"412","lindu",20,1,1,998,1,1,1,62,43,"0","0"
"413","lindu",58,1,0,8400,1,1,1,44,64,"1","1"
"414","lindu",61,1,0,8000,0,1,1,30,14,"0","0"
"415","lindu",35,1,0,3000,1,1,1,70,22,"0","0"
"416","lindu",69,1,0,2000,1,1,1,12,8,"0","0"
"417","lindu",38,1,0,3400,1,1,1,10,49,"1","1"
"418","lindu",47,1,0,2000,1,1,1,69,70,"1","1"
"419","lindu",25,1,0,998,1,0,1,69,70,"1","1"
"420","lindu",52,0,1,5800,1,1,1,51,63,"1","1"
"421","lindu",36,0,0,998,0,1,0,27,30,"1","1"
"422","lindu",34,0,0,8000,1,0,1,70,75,"1","1"
"423","lindu",62,0,0,7000,1,1,1,65,38,"0","0"
"424","lindu",54,1,1,10000,1,1,1,55,6,"0","0"
"425","lindu",30,0,0,998,1,1,1,31,17,"0","0"
"426","lindu",47,1,1,10000,1,1,0,65,69,"1","1"
"427","lindu",61,0,0,3000,0,1,1,33,8,"0","0"
"428","lindu",22,0,0,1340,1,1,1,22,10,"0","0"
"429","lindu",61,1,0,4000,0,1,0,11,7,"0","0"
"430","lindu",36,1,0,4000,0,1,1,62,66,"1","1"
"431","lindu",39,0,1,2200,1,1,0,22,40,"1","0"
"432","lindu",61,0,0,1497,1,1,0,15,15,"0","0"
"433","lindu",28,0,1,2000,1,1,1,26,50,"1","1"
"434","lindu",37,1,1,998,0,0,1,37,27,"0","0"
"435","lindu",37,0,1,4000,0,1,0,28,46,"1","0"
"436","lindu",42,0,1,6000,1,0,1,55,17,"0","1"
"437","lindu",75,0,1,5000,0,1,1,44,48,"1","0"
"438","lindu",29,0,1,1000,1,1,1,52,54,"1","1"
"439","lindu",27,0,0,998,0,1,0,40,54,"1","1"
"440","lindu",31,1,1,7000,1,1,1,55,2,"0","1"
"441","lindu",37,1,0,3200,0,0,1,62,64,"1","1"
"442","lindu",43,0,1,3000,0,1,1,11,1,"0","1"
"443","lindu",30,1,1,8000,1,1,0,27,29,"1","0"
"444","lindu",32,0,1,2000,1,1,1,69,52,"0","0"
"445","lindu",39,1,0,5000,1,1,0,66,68,"1","1"
"446","lindu",19,0,0,200,1,1,1,11,2,"0","0"
"447","lindu",36,1,1,15000,1,0,1,31,56,"1","1"
"448","lindu",41,1,1,10000,0,1,0,49,55,"1","1"
"449","lindu",74,0,1,3000,1,1,1,41,46,"1","0"
"450","caiara",19,1,0,600,0,1,0,16,9,"0","0"
"451","caiara",23,0,1,2100,1,0,0,3,37,"1","0"
"452","caiara",40,0,1,4500,0,0,1,13,13,"0","1"
"453","caiara",19,0,0,200,1,0,1,13,6,"0","0"
"454","caiara",30,1,1,3000,1,1,0,45,34,"0","0"
"455","caiara",27,0,1,3000,1,1,1,25,7,"0","1"
"456","caiara",40,1,1,7500,1,1,1,34,61,"1","1"
"457","caiara",25,1,1,300,1,0,1,54,50,"0","1"
"458","caiara",20,0,0,800,1,1,0,18,13,"0","0"
"459","caiara",37,1,0,1200,1,0,1,63,60,"0","0"
"460","caiara",22,1,0,1500,1,1,1,3,12,"1","0"
"461","caiara",24,1,0,1200,1,0,1,23,10,"0","1"
"462","caiara",60,1,0,3800,1,1,1,48,6,"0","1"
"463","caiara",58,1,1,3800,1,1,1,34,33,"0","0"
"464","caiara",34,1,1,2100,1,0,0,61,9,"0","1"
"465","caiara",40,0,0,2200,0,0,1,31,28,"0","0"
"466","caiara",70,1,0,1800,1,1,1,58,45,"0","0"
"467","caiara",19,0,0,200,1,0,0,22,10,"0","1"
"468","caiara",30,0,0,1100,0,1,1,44,40,"0","0"
"469","caiara",40,1,1,3000,1,1,1,60,53,"0","0"
"470","caiara",41,0,1,2700,0,1,1,16,44,"1","1"
"471","caiara",22,1,0,1000,1,1,1,53,54,"1","1"
"472","caiara",22,1,0,1000,0,0,0,58,35,"0","0"
"473","caiara",33,1,1,4900,1,1,1,30,20,"0","1"
"474","caiara",27,0,0,900,0,1,1,27,10,"0","1"
"475","caiara",39,0,1,1700,1,1,1,51,29,"0","0"
"476","caiara",26,1,1,3000,0,1,1,61,10,"0","1"
"477","caiara",27,1,1,1800,0,0,1,28,27,"0","0"
"478","caiara",18,1,0,600,0,0,0,9,13,"1","1"
"479","caiara",30,1,0,1200,0,1,0,27,27,"0","1"
"480","caiara",24,1,0,1100,0,0,0,5,42,"1","0"
"481","caiara",39,1,1,3000,0,0,0,14,1,"0","1"
"482","caiara",40,1,1,5000,1,1,1,17,39,"1","0"
"483","caiara",60,0,0,2500,0,0,0,39,29,"0","0"
"484","caiara",53,1,1,4000,0,0,0,21,18,"0","0"
"485","caiara",35,1,0,1700,0,1,1,12,51,"1","0"
"486","caiara",37,0,0,1700,1,1,1,70,30,"0","0"
"487","caiara",21,0,0,1200,0,0,1,11,18,"1","1"
"488","caiara",22,1,0,900,0,0,0,8,50,"1","0"
"489","caiara",19,1,0,100,0,1,1,51,36,"0","0"
"490","caiara",22,0,0,100,0,1,0,23,11,"0","0"
"491","caiara",60,1,0,1300,0,1,1,39,18,"0","0"
"492","caiara",22,0,0,300,0,1,1,34,2,"0","1"
"493","caiara",43,0,1,998,0,0,0,16,9,"0","0"
"494","caiara",19,1,0,500,0,1,1,45,45,"0","0"
"495","caiara",37,0,0,1200,1,1,0,34,61,"1","0"
"496","caiara",47,1,1,998,1,0,0,18,51,"1","0"
"497","caiara",38,1,1,998,0,0,0,63,63,"0","0"
"498","caiara",21,1,0,600,0,1,1,3,37,"1","0"
"499","caiara",23,1,1,750,0,1,0,13,2,"0","1"
"500","caiara",26,1,0,700,0,1,0,13,55,"1","0"
"501","macaxeira",45,1,0,1500,0,0,0,48,50,"1","1"
"502","macaxeira",40,0,0,988,1,1,0,21,16,"0","0"
"503","macaxeira",39,0,0,988,1,1,0,54,24,"0","1"
"504","macaxeira",26,1,0,3000,1,0,0,27,45,"1","1"
"505","macaxeira",24,1,0,1500,0,1,0,56,58,"1","1"
"506","macaxeira",25,0,0,2000,1,1,0,9,16,"1","1"
"507","macaxeira",33,1,0,2000,1,1,0,53,44,"0","1"
"508","macaxeira",41,0,0,1500,1,0,0,33,38,"1","1"
"509","macaxeira",22,1,0,1700,1,1,0,23,48,"1","1"
"510","macaxeira",24,1,0,1600,1,1,0,41,34,"0","0"
"511","macaxeira",22,0,0,988,1,1,0,33,27,"0","0"
"512","macaxeira",25,1,0,1200,0,0,0,13,17,"1","1"
"513","macaxeira",49,0,0,1100,0,1,0,25,20,"0","0"
"514","macaxeira",27,0,0,1200,0,0,0,20,10,"0","1"
"515","macaxeira",39,0,0,400,1,1,0,21,20,"0","1"
"516","macaxeira",42,0,1,1800,0,1,0,6,20,"1","1"
"517","macaxeira",45,0,0,988,1,0,0,3,11,"1","1"
"518","macaxeira",25,1,0,800,1,0,0,55,47,"0","0"
"519","macaxeira",23,0,0,500,1,1,0,11,9,"0","1"
"520","macaxeira",52,1,0,800,1,1,0,39,57,"1","1"
"521","macaxeira",22,0,0,988,1,0,0,40,16,"0","1"
"522","macaxeira",36,1,0,988,1,1,0,28,21,"0","1"
"523","macaxeira",23,1,0,500,1,1,0,31,7,"0","1"
"524","macaxeira",61,1,0,5000,0,0,0,14,55,"1","1"
"525","macaxeira",53,0,0,988,0,1,0,18,6,"0","1"
"526","macaxeira",27,1,0,1600,1,1,0,5,35,"1","1"
"527","macaxeira",30,1,0,988,1,1,0,43,36,"0","0"
"528","macaxeira",58,1,0,4500,1,0,0,20,33,"1","1"
"529","macaxeira",21,1,0,300,1,0,0,28,39,"1","1"
"530","macaxeira",42,0,0,2000,1,0,0,2,31,"1","1"
"531","macaxeira",40,1,0,1300,1,1,0,13,8,"0","1"
"532","macaxeira",64,0,0,998,0,1,0,33,27,"0","0"
"533","macaxeira",68,1,0,998,0,1,0,50,42,"0","0"
"534","macaxeira",26,1,0,1050,0,0,0,11,7,"0","0"
"535","macaxeira",43,1,0,1500,1,1,0,51,20,"0","1"
"536","macaxeira",42,1,0,1000,1,0,0,43,8,"1","1"
"537","macaxeira",46,0,0,600,0,0,0,33,27,"0","0"
"538","macaxeira",49,0,0,500,1,0,0,17,12,"0","0"
"539","macaxeira",59,1,0,2000,1,1,0,6,10,"1","1"
"540","macaxeira",27,1,0,1900,0,0,0,27,37,"1","1"
"541","macaxeira",34,1,0,1500,0,0,0,56,23,"1","1"
"542","macaxeira",35,0,0,998,0,1,0,42,35,"0","0"
"543","macaxeira",38,0,0,1200,1,1,0,18,13,"0","0"
"544","macaxeira",60,0,0,998,1,0,0,7,4,"0","0"
"545","macaxeira",71,0,0,1000,1,0,0,30,24,"0","0"
"546","macaxeira",33,1,0,3000,1,0,0,24,27,"1","1"
"547","macaxeira",35,0,0,998,0,1,0,36,30,"0","0"
"548","macaxeira",42,1,0,5988,1,0,0,36,26,"1","1"
"549","macaxeira",60,0,0,2000,1,0,0,46,50,"1","1"
"550","macaxeira",35,1,0,1100,1,0,0,28,56,"1","1"
"551","macaxeira",60,0,0,3000,0,0,0,7,26,"1","1"
"552","macaxeira",34,1,0,2000,1,0,0,51,43,"0","0"
"553","macaxeira",40,1,0,1000,1,0,0,48,22,"1","1"
"554","macaxeira",36,1,0,1800,0,0,0,38,31,"0","0"
"555","macaxeira",46,1,0,1500,1,1,0,7,16,"1","1"
"556","macaxeira",28,1,0,1500,0,0,0,55,22,"1","1"
"557","macaxeira",26,1,0,1000,0,1,0,10,28,"1","1"
"558","macaxeira",56,1,0,6000,0,1,0,43,10,"1","1"
"559","macaxeira",22,0,0,1050,1,1,0,41,34,"0","0"
"560","macaxeira",59,1,0,3000,1,1,0,58,9,"1","1"
"561","macaxeira",19,0,0,1000,1,1,0,26,20,"0","0"
"562","macaxeira",78,1,0,3000,0,1,0,50,42,"0","0"
"563","macaxeira",24,1,0,1000,1,0,0,56,48,"0","0"
"564","macaxeira",35,1,0,1500,1,1,0,31,25,"0","0"
"565","macaxeira",23,0,0,400,1,0,0,26,20,"1","1"
"566","macaxeira",24,1,0,1000,1,0,0,41,43,"1","1"
"567","macaxeira",30,1,0,1500,1,1,0,11,37,"1","1"
"568","macaxeira",40,1,0,1000,1,1,0,12,47,"1","1"
"569","macaxeira",29,0,0,2000,1,1,0,13,20,"1","1"
"570","macaxeira",42,1,0,2000,1,0,0,17,12,"0","0"
"571","macaxeira",25,1,0,1000,1,0,0,57,49,"0","0"
"572","macaxeira",30,1,0,1000,1,1,0,38,31,"0","0"
"573","macaxeira",45,1,0,1500,1,0,0,30,24,"0","0"
"574","macaxeira",32,0,0,400,1,1,0,25,30,"1","1"
"575","macaxeira",26,0,0,1800,1,0,0,51,18,"1","1"
"576","macaxeira",35,0,0,2500,0,0,0,52,44,"0","0"
"577","macaxeira",35,1,0,1000,1,0,0,7,11,"1","1"
"578","macaxeira",38,0,0,1500,1,0,0,42,35,"0","0"
"579","macaxeira",51,1,0,1000,1,0,0,46,36,"1","1"
"580","macaxeira",33,1,0,1500,1,1,0,39,32,"0","0"
"581","macaxeira",50,1,0,2000,1,1,0,52,22,"1","1"
"582","macaxeira",38,0,0,1000,1,0,0,25,33,"1","1"
"583","macaxeira",53,1,0,2000,1,0,0,16,20,"1","1"
"584","macaxeira",20,1,0,500,1,1,0,42,52,"1","1"
"585","macaxeira",24,0,0,700,1,0,0,28,16,"0","1"
"586","macaxeira",29,1,0,2500,1,0,0,10,23,"1","1"
"587","macaxeira",31,1,0,1000,1,0,0,7,14,"1","1"
"588","macaxeira",27,1,0,1800,0,0,0,58,6,"1","1"
"589","macaxeira",21,0,0,1500,1,0,0,7,8,"1","1"
"590","macaxeira",52,0,0,2300,1,0,0,14,14,"1","1"
"591","macaxeira",25,1,0,1200,1,0,0,30,15,"1","1"
"592","macaxeira",46,1,0,2500,1,0,0,20,13,"1","1"
"593","macaxeira",57,1,0,2500,0,0,0,20,15,"0","0"
"594","macaxeira",47,1,0,3000,1,0,0,45,20,"0","1"
"595","macaxeira",31,0,0,1000,1,0,0,20,15,"0","0"
"596","macaxeira",36,1,0,3500,1,1,0,24,19,"0","0"
"597","macaxeira",63,1,0,3000,0,0,0,37,30,"0","0"
"598","macaxeira",37,0,0,1200,1,0,0,12,8,"0","0"
"599","macaxeira",29,0,0,1800,1,0,0,41,34,"0","0"
"600","macaxeira",33,1,0,2500,1,0,0,30,12,"1","1"
"601","macaxeira",22,1,0,1000,0,0,0,29,19,"0","1"
"602","macaxeira",32,0,0,1500,1,0,0,41,24,"1","1"
"603","macaxeira",28,1,0,2000,1,0,0,30,13,"1","1"
"604","macaxeira",25,0,0,800,1,0,0,49,42,"0","0"
"605","macaxeira",38,0,0,1200,0,0,0,33,27,"0","0"
"606","macaxeira",34,1,0,1700,1,0,0,46,7,"1","1"
"607","macaxeira",49,1,0,3000,0,0,0,49,7,"1","1"
"608","macaxeira",21,1,0,998,0,0,0,8,5,"0","0"
"609","macaxeira",37,0,0,2300,0,0,0,33,12,"1","1"
"610","macaxeira",53,0,0,998,1,0,0,14,7,"0","1"
"611","macaxeira",32,1,0,3400,1,0,0,33,27,"0","0"
"612","jaqueira",80,0,0,998,0,1,0,42,36,"0","0"
"613","jaqueira",29,1,0,1200,1,1,0,19,45,"1","1"
"614","jaqueira",56,1,0,10000,1,1,0,23,48,"1","1"
"615","jaqueira",45,0,0,4500,1,0,0,47,52,"1","1"
"616","jaqueira",37,1,0,4000,0,1,0,54,58,"1","1"
"617","jaqueira",44,0,0,4000,1,1,0,18,20,"1","1"
"618","jaqueira",43,0,0,9000,1,0,0,16,30,"1","1"
"619","jaqueira",61,0,0,998,1,1,0,42,26,"0","0"
"620","jaqueira",66,0,0,2000,1,1,0,51,4,"0","0"
"621","jaqueira",32,1,0,5000,1,1,0,18,45,"1","1"
"622","jaqueira",32,0,0,1500,1,1,0,28,25,"0","0"
"623","jaqueira",35,1,0,2300,1,1,0,15,46,"1","1"
"624","jaqueira",40,0,0,3500,1,1,0,54,56,"1","1"
"625","jaqueira",41,1,1,3500,1,1,0,44,46,"1","1"
"626","jaqueira",37,1,0,3000,1,1,0,14,12,"0","0"
"627","jaqueira",64,0,0,998,1,1,0,12,44,"1","1"
"628","jaqueira",40,1,0,3000,1,1,0,53,33,"0","0"
"629","jaqueira",31,0,0,700,1,1,0,14,4,"0","1"
"630","jaqueira",19,0,0,1300,1,1,0,20,21,"1","1"
"631","jaqueira",74,1,0,998,1,1,0,14,18,"1","1"
"632","jaqueira",58,1,0,15000,1,1,0,19,23,"1","1"
"633","jaqueira",42,1,0,2000,1,1,0,42,57,"1","1"
"634","jaqueira",29,1,0,2000,1,1,0,37,35,"0","0"
"635","jaqueira",72,1,0,15000,1,0,0,23,16,"0","0"
"636","jaqueira",39,0,0,3000,1,1,0,55,59,"1","1"
"637","jaqueira",60,1,1,15000,1,1,0,37,49,"1","1"
"638","jaqueira",80,0,0,10000,1,1,0,8,38,"1","1"
"639","jaqueira",56,0,0,2000,1,1,0,40,25,"0","1"
"640","jaqueira",48,0,0,4000,1,1,0,28,40,"1","1"
"641","jaqueira",72,1,0,10000,1,1,0,46,28,"0","1"
"642","jaqueira",22,1,0,1800,1,1,0,33,49,"1","1"
"643","jaqueira",35,0,0,998,1,0,0,19,41,"1","1"
"644","jaqueira",52,0,0,1500,1,1,0,18,37,"1","1"
"645","jaqueira",26,1,0,600,0,1,0,50,47,"0","1"
"646","jaqueira",24,1,0,1996,0,1,0,10,26,"1","1"
"647","jaqueira",48,1,0,2000,0,0,0,36,26,"0","1"
"648","jaqueira",27,0,0,2994,1,1,0,8,10,"1","1"
"649","jaqueira",19,1,0,1996,1,1,0,57,17,"0","1"
"650","jaqueira",52,0,0,2495,1,1,0,52,56,"1","1"
"651","jaqueira",49,0,0,1100,1,1,0,59,45,"0","0"
"652","jaqueira",40,1,0,998,0,1,0,54,37,"0","0"
"653","jaqueira",44,0,0,998,1,1,0,34,60,"1","1"
"654","jaqueira",60,1,0,6000,0,0,0,48,19,"0","0"
"655","jaqueira",75,1,0,2994,0,1,0,10,4,"0","0"
"656","jaqueira",43,0,0,5000,0,1,0,16,17,"1","1"
"657","jaqueira",38,0,0,998,1,1,0,21,36,"1","1"
"658","jaqueira",28,1,0,3000,1,1,0,11,26,"1","1"
"659","jaqueira",34,0,0,7500,0,1,0,48,51,"1","1"
"660","jaqueira",62,1,0,4980,0,1,0,34,41,"1","1"
"661","jaqueira",42,1,0,3992,1,1,0,25,46,"1","1"
"662","jaqueira",67,0,0,3992,1,0,0,55,41,"0","0"
"663","jaqueira",38,0,0,1144,1,1,0,12,13,"1","1"
"664","jaqueira",19,1,0,500,1,1,0,49,42,"0","0"
"665","jaqueira",31,1,0,4000,1,1,0,53,56,"1","1"
"666","jaqueira",35,0,0,2000,0,1,0,39,44,"1","1"
"667","jaqueira",43,1,0,1000,0,1,0,47,33,"0","1"
"668","jaqueira",37,0,0,170,1,1,0,28,38,"1","1"
"669","jaqueira",24,1,0,1000,1,1,0,47,58,"1","1"
"670","jaqueira",75,0,0,6000,1,1,0,19,20,"1","1"
"671","jaqueira",66,1,0,5000,0,1,0,52,56,"1","1"
"672","jaqueira",56,0,0,6000,1,1,0,9,21,"1","1"
"673","jaqueira",86,0,0,10000,1,1,0,41,21,"0","1"
"674","jaqueira",22,1,0,1500,1,1,0,8,60,"1","1"
"675","jaqueira",51,0,0,1000,1,1,0,55,10,"0","0"
"676","jaqueira",33,1,0,1200,1,1,0,14,5,"0","1"
"677","jaqueira",20,0,0,750,1,0,0,58,59,"1","1"
"678","jaqueira",48,1,0,1100,1,1,0,41,52,"1","1"
"679","jaqueira",23,1,0,1200,1,1,0,7,58,"1","1"
"680","jaqueira",37,0,0,998,1,1,0,32,28,"0","0"
"681","jaqueira",22,1,0,1000,1,1,0,25,32,"1","1"
"682","jaqueira",37,0,0,1000,1,1,0,39,25,"0","1"
"683","jaqueira",31,0,0,998,1,1,0,41,47,"1","1"
"684","jaqueira",27,1,0,1300,1,1,0,34,18,"0","1"
"685","jaqueira",28,1,0,2200,1,1,0,4,8,"1","1"
"686","jaqueira",37,1,0,1500,0,1,0,57,42,"0","0"
"687","jaqueira",28,0,0,1000,1,1,0,7,50,"1","1"
"688","jaqueira",27,0,0,1000,0,1,0,5,35,"1","1"
"689","jaqueira",42,1,1,10000,1,1,0,14,32,"1","1"
"690","jaqueira",82,0,0,4000,1,1,0,50,58,"1","1"
"691","jaqueira",37,1,0,1200,1,1,0,47,59,"1","1"
"692","jaqueira",34,0,0,1200,1,1,0,55,26,"0","0"
"693","jaqueira",31,0,0,500,1,1,0,57,21,"0","0"
"694","jaqueira",34,0,0,1996,1,1,0,10,12,"1","1"
"695","jaqueira",25,1,0,880,0,0,0,25,28,"1","1"
"696","jaqueira",25,0,0,998,1,0,0,43,55,"1","1"
"697","jaqueira",55,0,0,41,1,1,0,49,32,"0","0"
"698","jaqueira",36,1,0,1800,0,1,0,57,47,"0","0"
"699","jaqueira",33,1,0,3200,1,1,0,34,39,"1","1"
"700","jaqueira",18,0,0,1000,1,1,0,5,7,"1","1"
"701","jaqueira",19,0,0,998,1,1,0,8,13,"1","1"
"702","jaqueira",32,1,0,6000,1,1,0,13,12,"0","0"
"703","jaqueira",38,1,0,3800,1,1,0,36,46,"1","1"
"704","jaqueira",25,0,0,1200,1,1,0,10,14,"1","1"
"705","jaqueira",19,1,0,2000,1,1,0,6,25,"1","1"
"706","jaqueira",26,1,0,2500,1,1,0,7,17,"1","1"
"707","jaqueira",41,1,0,5000,0,1,0,43,52,"1","1"
"708","jaqueira",19,1,0,800,1,1,0,4,11,"1","1"
"709","jaqueira",56,1,0,1800,1,1,0,42,47,"1","1"
"710","jaqueira",36,0,0,6200,1,1,0,35,30,"0","0"
"711","jaqueira",19,1,0,1200,1,1,0,12,38,"1","1"
"712","jaqueira",39,1,0,18000,1,1,0,9,40,"1","1"
"713","jaqueira",19,0,0,400,0,1,0,15,24,"1","1"
"714","jaqueira",25,1,0,800,0,0,0,10,52,"1","1"
"715","jaqueira",25,0,0,800,1,0,0,20,43,"1","1"
"716","jaqueira",18,1,0,850,1,1,0,43,15,"0","0"
"717","jaqueira",56,1,0,1500,0,1,0,47,30,"0","0"
"718","jaqueira",31,1,0,2500,1,1,0,13,21,"1","1"
"719","jaqueira",32,0,0,1923,1,1,0,28,43,"1","1"
"720","jaqueira",37,1,0,1300,1,1,0,47,48,"1","1"
"721","jaqueira",19,0,0,100,1,1,0,9,17,"1","1"
"722","jaqueira",18,0,0,400,1,1,0,7,8,"1","1"
"723","jaqueira",52,0,0,1100,1,1,0,39,18,"0","0"
"724","jaqueira",42,0,0,1500,1,1,0,59,28,"0","0"
"725","jaqueira",50,1,0,1500,0,1,0,53,55,"1","1"
"726","jaqueira",44,1,0,1996,1,1,0,36,59,"1","1"
"727","jaqueira",25,0,0,3500,0,1,0,8,15,"1","1"
"728","jaqueira",80,1,0,10000,1,1,0,46,55,"1","1"
"729","jaqueira",21,0,0,1300,1,1,0,8,11,"1","1"
"730","jaqueira",43,0,0,998,1,1,0,11,18,"1","1"
"731","jaqueira",20,0,0,500,1,1,0,41,58,"1","1"
"732","jaqueira",18,0,0,100,1,1,0,58,59,"1","1"
"733","jaqueira",18,1,0,400,1,1,0,13,29,"1","1"
"734","jaqueira",26,0,0,1000,1,1,0,39,51,"1","1"
"735","jaqueira",27,1,0,998,1,1,0,24,58,"1","1"
"736","jaqueira",38,0,0,998,1,1,0,48,10,"0","0"
"737","jaqueira",21,1,0,600,1,1,0,5,12,"1","1"
"738","jaqueira",36,0,1,10000,1,1,0,40,44,"1","1"
"739","jaqueira",37,0,0,2000,1,1,0,40,37,"0","0"
"740","jaqueira",34,1,0,4500,1,1,0,37,40,"1","1"
"741","jaqueira",30,0,0,5000,1,1,0,30,32,"1","1"
"742","jaqueira",50,1,0,200,1,1,0,18,57,"1","1"
"743","jaqueira",27,1,0,5000,1,1,0,5,7,"1","1"
"744","jaqueira",20,0,0,1996,1,1,0,5,21,"1","1"
"745","jaqueira",25,1,0,2000,1,1,0,16,45,"1","1"
"746","jaqueira",30,0,0,1000,1,1,0,9,11,"1","1"
"747","jaqueira",34,0,0,1900,1,1,0,35,38,"1","1"
"748","jaqueira",35,1,0,1600,1,1,0,19,21,"1","1"
"749","jaqueira",49,0,0,4000,0,1,0,37,10,"0","0"
"750","jaqueira",43,0,0,4000,1,1,0,48,36,"0","0"
"751","jaqueira",51,1,0,2000,1,1,0,25,33,"1","1"
"752","jaqueira",60,0,0,15000,0,1,0,11,36,"1","1"
"753","jaqueira",64,0,0,998,0,0,0,57,52,"0","0"
"754","santana",26,0,0,2900,1,1,0,33,27,"0","0"
"755","santana",39,0,0,2000,1,1,0,21,17,"0","0"
"756","santana",82,0,0,1500,1,1,0,51,42,"0","0"
"757","santana",48,1,0,4990,1,1,0,18,20,"1","1"
"758","santana",43,0,0,14000,0,0,0,34,57,"1","1"
"759","santana",44,1,0,26000,0,1,0,47,50,"1","1"
"760","santana",32,1,0,12000,1,1,0,35,59,"1","1"
"761","santana",55,1,0,10000,1,1,0,28,51,"1","0"
"762","santana",39,0,0,3000,1,1,0,53,50,"0","0"
"763","santana",29,0,0,3500,0,0,0,36,21,"0","0"
"764","santana",20,0,0,500,1,1,0,12,38,"1","1"
"765","santana",32,0,0,5000,1,1,0,11,32,"1","1"
"766","santana",70,0,0,2000,1,1,0,14,9,"0","0"
"767","santana",56,0,1,11000,1,0,0,54,59,"1","1"
"768","santana",40,0,0,1200,1,1,0,20,22,"1","1"
"769","santana",34,1,0,3000,1,1,0,20,49,"1","1"
"770","santana",44,0,0,1200,1,1,0,26,39,"1","1"
"771","santana",21,0,0,1500,1,1,0,56,50,"0","1"
"772","santana",24,0,0,1300,1,1,0,8,51,"1","1"
"773","santana",48,1,0,1500,1,1,0,59,25,"0","1"
"774","santana",71,1,0,1996,1,1,0,5,40,"1","1"
"775","santana",56,0,0,6000,0,1,0,23,29,"1","0"
"776","santana",61,0,0,3000,1,0,0,50,52,"1","1"
"777","santana",58,0,0,1075,1,1,0,35,39,"1","1"
"778","santana",41,0,1,5000,1,1,0,51,56,"1","1"
"779","santana",38,1,0,5000,1,1,0,14,25,"1","1"
"780","santana",58,1,0,3000,1,1,0,35,18,"0","0"
"781","santana",40,0,0,4990,1,1,0,26,40,"1","1"
"782","santana",52,1,1,6986,1,1,0,43,16,"0","0"
"783","santana",68,1,0,3269,1,1,0,47,49,"1","0"
"784","santana",50,1,0,1500,1,1,0,40,55,"1","1"
"785","santana",43,0,0,400,1,1,0,59,60,"1","1"
"786","santana",40,1,1,8500,0,0,0,30,42,"1","1"
"787","santana",38,0,0,7000,1,1,0,40,46,"1","1"
"788","santana",60,0,0,4500,1,1,0,51,36,"0","0"
"789","santana",38,1,0,3500,1,1,0,36,51,"1","1"
"790","santana",30,1,0,1100,1,1,0,11,25,"1","1"
"791","santana",56,1,0,5000,1,1,0,52,58,"1","1"
"792","santana",69,1,0,20000,1,1,0,18,38,"1","1"
"793","santana",57,0,1,10000,1,1,0,26,17,"0","0"
"794","santana",31,1,0,3025,1,1,0,56,45,"0","1"
"795","santana",23,0,0,800,1,1,0,9,4,"0","1"
"796","santana",38,1,0,1600,1,1,0,13,10,"0","1"
"797","santana",51,0,0,3500,1,1,0,18,10,"0","1"
"798","santana",24,0,0,550,0,1,0,22,13,"0","1"
"799","santana",55,1,0,4000,1,1,0,57,60,"1","1"
"800","santana",38,1,0,1600,1,1,0,10,12,"1","1"
"801","santana",46,1,0,1400,0,1,0,33,10,"0","0"
"802","santana",39,0,0,1400,1,1,0,10,12,"1","1"
"803","santana",36,0,0,1500,1,1,0,60,42,"0","0"
"804","santana",28,0,0,1020,1,1,0,29,44,"1","0"
"805","santana",27,0,0,600,1,1,0,18,51,"1","1"
"806","santana",36,0,0,998,1,1,0,11,48,"1","0"
"807","santana",64,1,0,1240,1,1,0,53,60,"1","0"
"808","santana",33,1,0,3600,1,1,0,26,31,"1","1"
"809","santana",32,0,0,120,1,1,0,39,40,"1","1"
"810","santana",56,0,0,1996,1,1,0,17,45,"1","1"
"811","santana",60,1,0,3000,1,1,0,17,16,"0","0"
"812","santana",32,0,0,4000,1,1,0,33,53,"1","0"
"813","santana",42,0,0,6000,1,1,0,53,48,"0","0"
"814","santana",19,1,0,1000,1,1,0,28,47,"1","1"
"815","santana",52,0,0,3000,1,1,0,46,27,"0","1"
"816","santana",48,0,0,3000,1,1,0,18,38,"1","1"
"817","santana",57,1,0,5000,1,1,0,37,39,"1","1"
"818","santana",56,0,0,5000,1,1,0,50,44,"0","1"
"819","santana",48,1,0,998,1,1,0,34,40,"1","0"
"820","santana",34,0,0,2100,0,1,0,23,13,"0","0"
"821","santana",64,1,0,800,0,1,0,33,36,"1","1"
"822","santana",24,0,0,100,0,1,0,18,9,"0","1"
"823","santana",27,1,0,2000,0,1,0,22,13,"0","1"
"824","santana",43,0,0,2400,1,1,0,7,30,"1","0"
"825","santana",43,0,1,2000,0,1,0,38,32,"0","1"
"826","santana",32,0,0,1020,1,1,0,40,33,"0","1"
"827","santana",55,0,0,200,0,1,0,54,42,"0","1"
"828","santana",34,0,0,1300,1,1,0,12,7,"0","1"
"829","santana",33,1,0,1650,1,1,0,52,13,"0","0"
"830","santana",31,1,0,640,1,1,0,34,31,"0","0"
"831","santana",51,1,1,4500,1,1,0,50,53,"1","0"
"832","santana",42,0,0,2000,1,1,0,34,31,"0","1"
"833","santana",61,1,0,4000,1,1,0,45,54,"1","1"
"834","santana",28,0,0,1850,1,1,0,41,50,"1","1"
"835","santana",25,1,0,998,1,1,0,27,35,"1","0"
"836","santana",38,1,0,1600,1,1,0,5,22,"1","0"
"837","santana",22,1,0,600,1,1,0,21,26,"1","1"
"838","santana",25,0,0,900,1,1,0,38,8,"0","1"
"839","santana",28,1,0,1900,1,1,0,49,51,"1","1"
"840","santana",27,0,0,998,1,1,0,11,8,"0","1"
"841","santana",35,1,0,900,1,1,0,12,9,"0","1"
"842","santana",44,0,0,1450,1,1,0,11,10,"0","1"
"843","santana",37,0,0,2500,1,1,0,25,57,"1","0"
"844","santana",23,1,0,300,1,1,0,6,49,"1","0"
"845","santana",26,1,0,998,1,1,0,28,10,"0","1"
"846","santana",27,0,0,1200,1,1,0,26,13,"0","1"
"847","santana",33,1,0,1450,1,1,0,36,15,"0","1"
"848","santana",43,0,0,2000,1,1,0,28,50,"1","1"
"849","santana",38,1,0,2400,1,1,0,13,11,"0","1"
"850","santana",25,1,0,998,1,1,0,28,43,"1","0"
"851","santana",40,0,1,3000,1,1,0,28,50,"1","1"
"852","santana",30,1,0,500,1,1,0,14,12,"0","1"
"853","santana",36,0,0,7000,1,1,0,16,23,"1","1"
"854","santana",34,0,0,2000,1,1,0,19,51,"1","1"
"855","santana",35,1,0,2000,1,1,0,27,40,"1","1"
"856","santana",57,0,0,15000,1,1,0,47,31,"0","0"
"857","santana",30,0,0,6000,1,0,0,49,54,"1","1"
"858","santana",29,0,0,1700,1,1,0,39,30,"0","1"
"859","santana",43,1,1,5000,1,1,0,59,60,"1","1"
"860","santana",26,0,0,1000,1,1,0,45,42,"0","0"
"861","santana",28,0,0,1400,0,1,0,15,4,"0","1"
"862","santana",32,0,0,2000,1,1,0,60,50,"0","1"
"863","santana",39,1,0,1500,1,1,0,58,50,"0","1"
"864","santana",24,0,0,2500,1,1,0,54,17,"0","1"
"865","santana",55,1,0,1485,1,1,0,18,29,"1","1"
"866","santana",42,0,0,5000,1,1,0,39,59,"1","1"
"867","santana",40,0,0,8500,1,1,0,21,60,"1","1"
"868","santana",35,1,0,5000,1,0,0,43,28,"0","1"
"869","santana",31,1,0,5000,0,1,0,45,33,"0","0"
"870","santana",35,0,0,7000,1,1,0,49,50,"1","1"
"871","santana",37,1,0,5000,1,1,0,45,33,"0","0"
"872","santana",58,1,0,1200,1,1,0,18,40,"1","0"
"873","santana",39,0,0,5000,1,1,0,39,44,"1","1"
"874","santana",35,1,0,5000,0,1,0,39,25,"0","1"
"875","santana",38,0,1,7000,1,1,0,27,17,"0","0"
"876","santana",71,0,0,1000,1,1,0,45,31,"0","0"
"877","santana",29,1,0,6000,1,1,0,6,4,"0","0"
"878","santana",42,0,0,6000,1,1,0,8,25,"1","1"
"879","santana",37,1,0,5000,0,1,0,35,24,"0","0"
"880","santana",47,1,0,6000,1,1,0,28,35,"1","0"
"881","santana",35,1,0,5000,1,1,0,5,58,"1","1"
"882","santana",33,0,0,1500,1,1,0,7,5,"0","0"
"883","santana",54,0,0,10000,1,1,0,47,17,"0","0"
"884","santana",42,0,0,4000,1,1,0,27,56,"1","1"
"885","santana",70,1,0,1000,1,1,0,21,8,"0","0"
"886","santana",34,1,0,3800,1,1,0,20,13,"0","0"
"887","santana",58,1,0,4000,0,1,0,29,20,"0","0"
"888","santana",47,1,0,2000,0,1,0,52,42,"0","0"
"889","santana",42,0,0,5000,1,1,0,25,58,"1","1"
"890","santana",65,0,0,1000,1,1,0,24,16,"0","0"
"891","santana",70,1,0,1000,1,1,0,12,10,"0","0"
"892","santana",30,1,0,4000,1,0,0,19,13,"0","0"
"893","santana",37,1,0,5000,0,1,0,40,39,"0","0"
"894","santana",42,1,0,2000,1,1,0,47,57,"1","0"
"895","santana",38,1,0,8000,1,1,0,48,55,"1","0"
"896","santana",32,0,0,1600,0,0,0,5,34,"1","1"
"897","santana",45,0,0,7000,0,1,0,35,39,"1","1"
"898","santana",32,1,0,5000,1,1,0,40,35,"0","0"
"899","santana",96,1,0,1000,1,1,0,50,16,"0","0"
"900","santana",65,1,0,6000,1,1,0,17,22,"1","1"
"901","santana",82,1,0,1000,1,1,0,59,7,"0","0"
"902","santana",36,0,0,10000,1,1,0,39,51,"1","0"
"903","santana",37,1,0,6500,0,1,0,50,11,"0","0"
"904","santana",56,1,0,3500,1,1,0,39,36,"0","0"
"905","santana",67,1,0,1000,1,1,0,16,9,"0","0"
"906","santana",36,1,0,5000,0,1,0,57,26,"0","0"
"907","santana",45,1,0,5000,1,1,0,48,58,"1","1"
"908","santana",53,1,0,6000,1,1,0,56,60,"1","1"
"909","santana",39,1,1,18000,0,1,0,43,60,"1","1"
"910","santana",66,0,0,1000,0,1,0,22,20,"0","0"
"911","santana",35,1,0,4000,1,0,0,28,32,"1","1"
"912","santana",43,0,0,10000,0,1,0,5,60,"1","0"
"913","santana",37,0,0,4000,1,1,0,32,41,"1","0"
"914","santana",75,1,0,8000,1,0,0,10,11,"1","0"
"915","santana",44,1,0,5000,1,1,0,46,59,"1","1"
"916","santana",32,1,0,5000,1,1,0,37,48,"1","1"
"917","santana",31,1,0,5000,1,1,0,35,16,"0","0"
"918","santana",39,1,0,1000,1,1,0,59,60,"1","1"
"919","santana",25,0,0,1000,1,0,0,14,26,"1","1"
"920","santana",58,1,0,8000,0,0,0,45,60,"1","1"
"921","santana",53,1,0,10000,0,1,0,53,40,"0","1"
"922","lagoaaraca",71,0,0,1431,0,0,0,5,3,"0","0"
"923","lagoaaraca",42,1,1,954,0,0,0,46,48,"1","0"
"924","lagoaaraca",26,0,0,477,0,0,0,37,43,"1","0"
"925","lagoaaraca",62,1,0,477,0,0,0,41,45,"1","1"
"926","lagoaaraca",52,1,0,954,0,0,0,12,15,"1","0"
"927","lagoaaraca",55,1,0,477,0,0,0,46,44,"0","0"
"928","lagoaaraca",46,1,0,4270,0,0,0,11,8,"0","0"
"929","lagoaaraca",32,1,1,477,0,0,0,16,13,"0","0"
"930","lagoaaraca",48,0,1,954,0,0,0,16,19,"1","0"
"931","lagoaaraca",52,1,0,477,0,0,0,21,25,"1","1"
"932","lagoaaraca",28,0,0,477,0,0,0,14,17,"1","1"
"933","lagoaaraca",60,0,0,477,0,0,0,40,35,"0","0"
"934","lagoaaraca",62,0,0,477,0,0,0,3,5,"1","1"
"935","lagoaaraca",50,1,1,4270,0,0,0,48,50,"1","1"
"936","lagoaaraca",48,0,0,1431,0,0,0,46,48,"1","0"
"937","lagoaaraca",73,0,1,1431,0,0,0,46,44,"0","0"
"938","lagoaaraca",22,1,0,477,0,0,0,48,50,"1","0"
"939","lagoaaraca",43,1,0,477,0,0,0,8,10,"1","0"
"940","lagoaaraca",37,1,0,1431,0,0,0,43,40,"0","0"
"941","lagoaaraca",73,0,1,2385,0,0,0,20,16,"0","0"
"942","lagoaaraca",50,1,1,2385,0,0,0,27,16,"0","0"
"943","lagoaaraca",24,1,1,954,0,0,0,17,20,"1","1"
"944","lagoaaraca",76,0,0,477,0,0,0,18,21,"1","1"
"945","lagoaaraca",27,0,1,2385,0,0,0,30,40,"1","0"
"946","lagoaaraca",31,1,0,477,0,0,0,27,16,"0","0"
"947","lagoaaraca",44,0,0,477,0,0,0,22,14,"0","0"
"948","lagoaaraca",41,1,0,954,0,0,0,22,30,"1","1"
"949","lagoaaraca",35,1,0,954,0,0,0,32,41,"1","1"
"950","lagoaaraca",22,0,0,477,0,0,0,43,40,"0","0"
"951","lagoaaraca",57,0,1,954,0,0,0,24,20,"0","1"
"952","lagoaaraca",39,0,0,954,0,0,0,32,23,"0","0"
"953","lagoaaraca",18,0,0,477,0,0,0,35,28,"0","0"
"954","lagoaaraca",71,1,1,4270,0,0,0,24,20,"0","1"
"955","lagoaaraca",64,1,0,1431,0,0,0,50,44,"0","0"
"956","lagoaaraca",57,1,0,954,0,0,0,11,8,"0","0"
"957","lagoaaraca",70,1,1,1431,0,0,0,13,10,"0","1"
"958","lagoaaraca",70,1,0,954,0,0,0,11,8,"0","0"
"959","lagoaaraca",54,1,0,954,0,0,0,17,14,"0","0"
"960","lagoaaraca",64,0,0,477,0,0,0,24,18,"0","0"
"961","lagoaaraca",39,0,0,954,0,0,0,16,19,"1","1"
"962","lagoaaraca",27,0,1,477,0,0,0,45,43,"0","0"
"963","lagoaaraca",42,1,1,954,0,0,0,46,44,"0","0"
"964","lagoaaraca",31,0,1,1431,0,0,0,38,32,"0","0"
"965","lagoaaraca",42,1,1,1431,0,0,0,43,40,"0","0"
"966","lagoaaraca",24,1,0,954,0,0,0,8,10,"1","1"
"967","lagoaaraca",22,0,0,954,0,0,0,37,31,"0","0"
"968","lagoaaraca",42,1,0,954,0,0,0,17,14,"0","0"
"969","lagoaaraca",72,1,0,2385,0,0,0,23,16,"0","0"
"970","lagoaaraca",64,0,0,954,0,0,0,22,14,"0","1"
"971","lagoaaraca",31,0,0,954,0,0,0,28,17,"0","0"
"972","lagoaaraca",26,0,0,954,0,0,0,10,12,"1","0"
"973","lagoaaraca",46,1,0,1431,0,0,0,7,5,"0","0"
"974","lagoaaraca",30,0,0,954,0,0,0,29,19,"0","0"
"975","lagoaaraca",22,1,0,477,0,0,0,46,44,"0","0"
"976","lagoaaraca",34,1,0,477,0,0,0,36,29,"0","0"
"977","lagoaaraca",23,1,0,954,0,0,0,2,3,"1","1"
"978","lagoaaraca",62,1,0,1431,0,0,0,37,31,"0","0"
"979","lagoaaraca",46,1,0,2385,0,0,0,12,9,"0","0"
"980","lagoaaraca",19,0,0,954,0,0,0,3,1,"0","0"
"981","lagoaaraca",28,0,0,477,0,0,0,32,23,"0","0"
"982","lagoaaraca",45,1,0,477,0,0,0,37,31,"0","0"
"983","lagoaaraca",27,1,0,477,0,0,0,43,40,"0","0"
"984","lagoaaraca",44,1,1,4270,0,0,0,28,39,"1","1"
"985","lagoaaraca",42,0,0,954,0,0,0,40,35,"0","0"
"986","lagoaaraca",40,1,1,2385,0,0,0,33,41,"1","0"
"987","lagoaaraca",59,0,0,2385,0,0,0,10,12,"1","0"
"988","lagoaaraca",54,1,0,1431,0,0,0,25,15,"0","0"
"989","lagoaaraca",22,0,0,2385,0,0,0,47,45,"0","0"
"990","lagoaaraca",48,0,1,2385,0,0,0,35,28,"0","0"
"991","lagoaaraca",48,0,0,954,0,0,0,31,22,"0","0"
"992","lagoaaraca",82,1,1,2385,0,0,0,24,30,"1","0"
"993","lagoaaraca",62,0,0,954,0,0,0,12,15,"1","0"
"994","lagoaaraca",24,0,1,1431,0,0,0,35,28,"0","0"
"995","lagoaaraca",26,1,1,1431,0,0,0,35,28,"0","0"
"996","lagoaaraca",44,1,1,4270,0,0,0,10,12,"1","0"
"997","lagoaaraca",79,1,0,1431,0,0,0,38,32,"0","0"
"998","lagoaaraca",63,1,0,1431,0,0,0,42,38,"0","0"
"999","lagoaaraca",31,1,0,954,0,0,0,23,16,"0","0"
"1000","lagoaaraca",59,1,0,954,0,0,0,20,24,"1","0"
"1001","lagoaaraca",43,0,1,2385,0,0,0,30,40,"1","0"
"1002","lagoaaraca",24,1,0,954,0,0,0,14,11,"0","1"
"1003","lagoaaraca",28,1,0,954,0,0,0,21,17,"0","0"
"1004","lagoaaraca",54,1,0,1431,0,0,0,27,16,"0","0"
"1005","lagoaaraca",70,0,0,477,0,0,0,26,36,"1","0"
"1006","lagoaaraca",50,1,0,477,0,0,0,46,44,"0","0"
"1007","lagoaaraca",48,1,0,1431,0,0,0,5,7,"1","1"
"1008","lagoaaraca",68,1,0,477,0,0,0,21,17,"0","0"
"1009","lagoaaraca",42,0,0,477,0,0,0,26,36,"1","0"
"1010","lagoaaraca",52,0,0,477,0,0,0,6,8,"1","0"
"1011","lagoaaraca",38,0,0,477,0,0,0,47,45,"0","0"
"1012","lagoaaraca",30,1,0,477,0,0,0,47,49,"1","1"
"1013","lagoaaraca",57,1,0,1431,0,0,0,40,35,"0","0"
"1014","lagoaaraca",33,0,1,1431,0,0,0,8,10,"1","1"
"1015","lagoaaraca",58,0,0,954,0,0,0,44,41,"0","0"
"1016","lagoaaraca",60,1,0,1431,0,0,0,34,26,"0","0"
"1017","lagoaaraca",60,0,0,477,0,0,0,17,20,"1","1"
"1018","lagoaaraca",47,0,0,477,0,0,0,3,1,"0","0"
"1019","lagoaaraca",67,1,0,477,0,0,0,42,38,"0","0"
"1020","lagoaaraca",34,1,0,1431,0,0,0,7,5,"0","0"
"1021","lagoaaraca",36,0,0,954,0,0,0,40,35,"0","0"
"1022","lagoaaraca",43,1,0,2385,0,0,0,11,8,"0","0"
"1023","lagoaaraca",19,1,0,477,0,0,0,42,38,"0","0"
"1024","lagoaaraca",43,1,1,1431,0,0,0,48,46,"0","0"
"1025","lagoaaraca",51,0,0,2385,0,0,0,25,15,"0","0"
"1026","lagoaaraca",49,1,1,954,0,0,0,43,40,"0","0"
"1027","lagoaaraca",44,1,0,477,0,0,0,13,10,"0","0"
"1028","lagoaaraca",69,1,0,1431,0,0,0,11,14,"1","1"
"1029","lagoaaraca",61,1,0,477,0,0,0,33,25,"0","0"
"1030","lagoaaraca",51,0,1,2385,0,0,0,21,17,"0","0"
"1031","lagoaaraca",52,1,1,4270,0,0,0,32,23,"0","0"
"1032","lagoaaraca",40,0,1,8500,0,0,0,1,3,"1","0"
"1033","lagoaaraca",39,0,0,2385,0,0,0,7,5,"0","0"
"1034","lagoaaraca",59,1,0,2385,0,0,0,30,40,"1","0"
"1035","lagoaaraca",45,1,1,4270,0,0,0,43,40,"0","0"
"1036","lagoaaraca",41,1,1,8500,0,0,0,21,17,"0","0"
"1037","lagoaaraca",70,1,1,2385,0,0,0,6,4,"0","0"
"1038","lagoaaraca",60,1,1,8500,0,0,0,21,17,"0","0"
"1039","lagoaaraca",29,1,1,4270,0,0,0,22,14,"0","0"
"1040","lagoaaraca",49,0,1,2385,0,0,0,12,9,"0","0"
"1041","lagoaaraca",39,1,1,8500,0,0,0,21,17,"0","0"
"1042","lagoaaraca",55,1,1,1431,0,0,0,21,17,"0","0"
"1043","lagoaaraca",27,0,1,4270,0,0,0,31,22,"0","0"
"1044","lagoaaraca",72,0,1,2385,0,0,0,23,16,"0","0"
"1045","lagoaaraca",37,1,0,1431,0,0,0,2,1,"0","0"
"1046","lagoaaraca",62,0,1,8500,0,0,0,49,44,"0","0"
"1047","lagoaaraca",36,1,1,2385,0,0,0,4,3,"0","0"
"1048","lagoaaraca",25,1,0,1431,0,0,0,29,19,"0","0"
"1049","lagoaaraca",28,0,0,954,0,0,0,13,10,"0","0"
"1050","lagoaaraca",33,1,1,1431,0,0,0,17,14,"0","0"
"1051","lagoaaraca",48,0,0,954,0,0,0,13,10,"0","0"
"1052","lagoaaraca",71,0,1,4270,0,0,0,44,41,"0","0"
"1053","lagoaaraca",70,1,0,2385,0,0,0,49,44,"0","0"
"1054","lagoaaraca",50,1,0,1431,0,0,0,17,14,"0","0"
"1055","lagoaaraca",35,0,1,8500,0,0,0,18,15,"0","0"
"1056","lagoaaraca",51,0,0,1431,0,0,0,5,7,"1","0"
"1057","lagoaaraca",48,0,0,954,0,0,0,1,3,"1","1"
"1058","lagoaaraca",48,1,0,1431,0,0,0,33,41,"1","0"
"1059","lagoaaraca",23,1,0,954,0,0,0,8,10,"1","0"
"1060","lagoaaraca",38,0,1,2385,0,0,0,40,35,"0","0"
"1061","lagoaaraca",59,1,0,2385,0,0,0,18,21,"1","0"
"1062","lagoaaraca",55,0,1,2385,0,0,0,18,26,"1","0"
"1063","lagoaaraca",19,1,1,477,0,0,0,38,44,"1","1"
"1064","lagoaaraca",43,1,1,4270,0,0,0,43,40,"0","0"
"1065","lagoaaraca",31,1,0,1431,0,0,0,13,16,"1","0"
"1066","lagoaaraca",35,1,0,954,0,0,0,25,35,"1","0"
"1067","lagoaaraca",52,0,0,954,0,0,0,37,43,"1","1"
"1068","lagoaaraca",55,1,0,1431,0,0,0,38,44,"1","0"
"1069","lagoaaraca",55,0,0,954,0,0,0,16,19,"1","0"
"1070","lagoaaraca",30,1,1,4270,0,0,0,10,8,"0","0"
"1071","lagoaaraca",21,1,0,477,0,0,0,5,7,"1","1"
"1072","lagoaaraca",59,1,0,954,0,0,0,28,17,"0","0"
"1073","lagoaaraca",62,1,0,954,0,0,0,5,3,"0","0"
"1074","lagoaaraca",63,1,0,1431,0,0,0,38,32,"0","0"
"1075","lagoaaraca",78,1,0,8500,0,0,0,23,30,"1","0"
"1076","lagoaaraca",24,0,0,954,0,0,0,12,9,"1","0"
"1077","lagoaaraca",49,0,0,477,0,0,0,4,5,"1","0"
"1078","lagoaaraca",19,0,0,477,0,0,0,42,46,"1","1"
"1079","lagoaaraca",26,0,0,477,0,0,0,12,15,"1","0"
"1080","lagoaaraca",64,0,1,1431,0,0,0,30,20,"0","0"
"1081","lagoaaraca",33,1,0,954,0,0,0,7,5,"0","0"
"1082","lagoaaraca",63,0,1,4270,0,0,0,49,50,"1","0"
"1083","lagoaaraca",65,1,1,4270,0,0,0,8,10,"1","1"
"1084","lagoaaraca",37,0,1,954,0,0,0,8,10,"1","1"
"1085","lagoaaraca",20,1,0,477,0,0,0,26,36,"1","0"
"1086","lagoaaraca",46,1,1,8500,0,0,0,3,7,"1","1"
"1087","lagoaaraca",37,0,0,477,0,0,0,23,30,"1","0"
"1088","lagoaaraca",73,0,0,477,0,0,0,37,31,"0","0"
"1089","lagoaaraca",61,0,1,954,0,0,0,16,13,"0","0"
"1090","lagoaaraca",78,1,1,1431,0,0,0,33,41,"1","1"
"1091","lagoaaraca",23,1,1,2385,0,0,0,46,44,"0","0"
"1092","lagoaaraca",24,1,0,954,0,0,0,36,43,"1","0"
"1093","lagoaaraca",35,1,0,954,0,0,0,2,5,"1","1"
"1094","lagoaaraca",33,1,1,2385,0,0,0,4,7,"1","1"
"1095","lagoaaraca",76,1,1,8500,0,0,0,16,13,"0","0"
"1096","lagoaaraca",69,0,0,954,0,0,0,9,7,"0","0"
"1097","lagoaaraca",35,0,1,954,0,0,0,7,9,"1","1"
"1098","lagoaaraca",26,1,0,1431,0,0,0,48,50,"1","1"
"1099","lagoaaraca",42,0,1,8500,0,0,0,2,3,"1","1"
"1100","lagoaaraca",27,1,1,2385,0,0,0,10,12,"1","1"
"1101","lagoaaraca",48,1,1,954,0,0,0,20,16,"0","0"
"1102","lagoaaraca",43,1,1,954,0,0,0,28,17,"0","0"
"1103","lagoaaraca",85,0,0,477,0,0,0,44,47,"1","0"
"1104","lagoaaraca",62,1,0,4270,0,0,0,3,5,"1","1"
"1105","lagoaaraca",29,1,0,2385,0,0,0,15,12,"0","0"
"1106","lagoaaraca",38,1,0,2385,0,0,0,48,50,"1","1"
"1107","lagoaaraca",45,0,1,2385,0,0,0,16,19,"1","1"
"1108","lagoaaraca",76,0,0,477,0,0,0,29,19,"0","0"
"1109","lagoaaraca",53,1,1,8500,0,0,0,34,26,"0","0"
"1110","lagoaaraca",51,1,1,2385,0,0,0,22,30,"1","0"
"1111","lagoaaraca",50,0,0,4270,0,0,0,5,7,"1","0"
"1112","caiara",39,1,0,5500,0,1,0,25,24,"0","0"
"1113","caiara",24,1,0,2000,0,0,0,13,15,"1","1"
"1114","caiara",52,0,0,3000,0,1,0,20,22,"1","1"
"1115",NA,17,0,0,10000,0,1,0,15,14,"0","0"
"1116","caiara",48,0,0,4000,0,1,1,25,27,"1","1"
"1117","caiara",58,0,0,11500,1,1,1,20,19,"0","0"
"1118","caiara",56,0,0,9500,1,1,1,13,12,"0","0"
"1119","caiara",61,1,0,3000,1,1,1,25,24,"0","1"
"1120","caiara",27,1,0,3500,0,0,0,10,12,"1","0"
"1121",NA,17,0,0,500,0,1,0,25,27,"1","0"
"1122","caiara",52,0,0,10000,1,1,1,10,9,"0","1"
"1123","caiara",45,0,0,8000,0,0,0,20,19,"0","0"
"1124","caiara",20,1,0,500,1,0,0,25,24,"0","0"
"1125","caiara",20,1,0,7000,1,0,0,20,22,"1","1"
"1126","caiara",57,0,0,3000,1,0,1,10,12,"1","0"
"1127","caiara",65,1,0,5500,1,0,0,15,14,"0","1"
"1128","caiara",52,0,0,2000,1,0,1,15,17,"1","0"
"1129","caiara",50,1,0,2500,0,0,0,15,14,"0","0"
"1130","caiara",55,0,0,2500,1,0,0,13,12,"0","0"
"1131","caiara",19,0,0,2500,0,0,0,25,24,"0","0"
"1132","caiara",46,1,0,1500,0,0,0,10,9,"0","0"
"1133","caiara",48,0,0,2500,0,0,1,15,14,"0","1"
"1134","caiara",80,0,0,12000,1,0,0,15,17,"1","1"
"1135","caiara",32,1,0,2000,0,1,0,20,19,"0","0"
"1136","caiara",60,1,0,3000,0,0,1,25,24,"0","0"
"1137","caiara",66,1,0,4000,0,0,0,15,14,"0","0"
"1138","caiara",32,1,0,4000,0,0,0,13,12,"0","1"
"1139","caiara",44,1,0,3500,1,0,1,15,17,"1","1"
"1140","caiara",34,1,0,2500,0,0,1,13,15,"1","0"
"1141","caiara",57,0,0,9500,1,1,1,15,17,"1","1"
"1142","caiara",21,0,0,3500,0,1,1,10,9,"0","0"
"1143","caiara",23,1,0,10000,1,0,0,25,27,"1","1"
"1144","caiara",50,1,0,11000,1,0,1,20,22,"1","0"
