ID;parque;idade;sexo;cidade;estadocivil;escolar;ocupacao;renda;qdepend;objetivo;freqvis;infraestrutura;tamanho;sombra;temperatura;lance1;resp1;lance2;resp2;bidl;bidh
1;sitio da trindade;50;1;recife;2;20;3;62000;2;4;2;2;4;5;4;31;1;48;0;6;48
2;sitio da trindade;35;1;recife;2;20;3;17000;3;4;3;3;4;4;4;4;1;66;0;2;66
3;sitio da trindade;50;1;recife;2;20;2;16000;0;3;10;5;5;5;5;9;1;21;1;3;21
4;sitio da trindade;67;2;recife;3;22;2;15000;0;3;16;3;2;1;2;45;1;70;0;7;70
5;sitio da trindade;41;1;recife;2;20;7;15000;3;4;1;3;4;5;4;2;1;14;1;1;14
6;sitio da trindade;31;2;recife;2;20;3;15000;1;4;1;5;5;5;5;29;1;48;0;5;48
7;sitio da trindade;47;1;recife;2;26;2;13500;1;3;8;2;4;4;4;10;1;13;0;3;13
8;sitio da trindade;30;2;recife;1;20;3;13000;0;3;6;5;4;5;5;41;1;70;0;6;70
9;sitio da trindade;62;1;recife;2;20;3;12000;2;2;20;3;4;5;5;4;1;44;0;2;44
10;sitio da trindade;41;1;recife;2;26;2;11000;2;4;3;3;5;5;2;17;1;58;0;4;58
11;sitio da trindade;39;2;recife;1;16;2;11000;2;4;1;1;4;3;4;3;1;53;0;2;53
12;sitio da trindade;80;1;recife;2;22;6;10000;0;3;20;1;2;3;3;45;0;8;1;8;60
13;sitio da trindade;68;1;recife;2;26;1;10000;1;3;15;2;3;1;1;69;0;34;1;34;27
14;sitio da trindade;66;1;recife;2;22;3;10000;3;3;4;3;1;2;2;61;0;37;0;37;32
15;sitio da trindade;46;1;recife;2;20;3;10000;1;2;4;3;5;5;5;38;1;61;0;6;61
16;sitio da trindade;40;2;recife;2;20;4;10000;1;4;1;3;4;5;4;1;1;55;0;1;55
17;sitio da trindade;38;2;recife;2;20;3;10000;2;4;3;3;2;2;2;20;1;28;0;4;28
18;sitio da trindade;34;2;recife;2;20;3;10000;3;4;2;3;3;5;3;4;1;24;0;2;24
19;sitio da trindade;61;2;recife;2;20;3;8000;0;3;10;5;5;5;5;62;0;10;0;10;48
20;sitio da trindade;59;2;recife;2;20;4;8000;1;3;20;2;3;5;2;39;1;69;0;6;69
21;sitio da trindade;49;1;recife;2;22;3;8000;1;3;10;4;5;5;4;3;1;10;1;2;10
22;sitio da trindade;39;1;recife;2;20;3;8000;2;2;10;3;4;5;5;59;1;70;0;8;70
23;sitio da trindade;36;1;recife;2;20;2;7500;1;4;2;4;5;5;5;36;1;65;0;6;65
24;sitio da trindade;35;1;recife;2;20;2;7000;2;3;7;3;4;5;5;2;1;66;0;1;66
25;sitio da trindade;33;2;recife;3;20;2;7000;2;3;10;3;3;4;3;28;1;61;0;5;61
26;sitio da trindade;33;1;recife;1;20;3;6500;1;3;9;3;5;5;5;43;1;64;1;7;64
27;sitio da trindade;39;1;recife;3;20;3;6000;0;3;10;2;4;4;5;3;1;34;0;2;34
28;sitio da trindade;33;1;recife;1;22;1;6000;0;3;10;3;2;1;2;47;1;50;0;7;50
29;sitio da trindade;39;2;recife;1;20;2;5000;0;3;20;3;4;4;3;39;1;70;0;6;70
30;sitio da trindade;30;1;recife;2;20;3;5000;1;3;8;3;5;5;5;8;1;13;1;3;13
31;sitio da trindade;35;1;jaboatao;1;16;5;4500;1;2;5;4;4;3;3;68;0;51;0;51;14
32;sitio da trindade;33;2;recife;2;20;2;4491;1;2;5;4;4;4;5;10;1;15;1;3;15
33;sitio da trindade;50;1;recife;2;20;3;4000;1;3;7;4;5;5;3;21;1;61;0;5;61
34;sitio da trindade;30;2;recife;2;20;2;4000;0;3;4;5;3;5;4;16;1;41;0;4;41
35;sitio da trindade;40;1;recife;2;20;1;3992;3;4;15;2;4;4;4;20;0;7;0;7;17
36;sitio da trindade;28;1;recife;2;20;3;3500;1;3;9;3;4;5;4;13;1;42;0;4;42
37;sitio da trindade;62;1;recife;3;16;3;3000;1;4;20;3;5;5;5;5;1;45;0;2;45
38;sitio da trindade;41;2;recife;2;15;2;3000;1;3;15;1;1;1;2;14;1;26;1;4;26
39;sitio da trindade;37;2;recife;2;20;2;3000;0;3;15;5;5;5;5;27;1;69;0;5;69
40;sitio da trindade;36;2;recife;1;20;2;3000;1;4;1;3;5;4;4;8;1;46;0;3;46
41;sitio da trindade;31;2;recife;1;20;6;3000;0;3;15;3;4;5;5;11;1;32;0;3;32
42;sitio da trindade;26;2;recife;1;22;6;3000;0;3;2;2;2;1;1;24;1;30;0;5;30
43;sitio da trindade;42;2;recife;1;22;1;2800;2;3;6;4;2;1;2;19;1;21;0;4;21
44;sitio da trindade;54;1;recife;2;22;1;2500;0;3;1;2;1;1;1;28;0;3;0;3;24
45;sitio da trindade;51;1;recife;1;20;2;2500;1;3;10;4;4;5;4;32;0;31;0;31;32
46;sitio da trindade;32;1;recife;2;16;6;2500;1;3;20;4;4;4;4;20;1;23;1;4;23
47;sitio da trindade;34;1;recife;1;4;3;2300;2;3;4;2;2;2;2;70;0;57;0;57;21
48;sitio da trindade;53;2;recife;1;20;2;2100;0;3;30;3;4;2;4;6;1;54;0;2;54
49;sitio da trindade;57;2;recife;3;16;4;2000;2;3;30;3;3;4;4;2;1;10;1;1;10
50;sitio da trindade;56;2;recife;2;20;2;2000;0;2;2;5;5;4;5;4;1;47;0;2;47
51;sitio da trindade;53;1;recife;2;20;7;2000;0;3;25;3;4;4;4;21;1;52;0;5;52
52;sitio da trindade;45;1;recife;1;16;2;2000;4;4;30;4;3;5;5;12;1;31;0;3;31
53;sitio da trindade;30;2;recife;3;20;2;2000;3;3;20;5;5;5;5;8;1;63;0;3;63
54;sitio da trindade;20;1;recife;1;20;2;2000;0;3;3;3;3;3;3;24;1;70;0;5;70
55;sitio da trindade;25;1;recife;1;16;2;1800;2;3;12;2;5;5;5;17;1;68;0;4;68
56;sitio da trindade;46;2;recife;2;20;3;1500;3;3;30;3;5;4;3;2;1;62;1;1;62
57;sitio da trindade;46;2;recife;1;12;3;1500;0;3;30;4;4;4;4;67;1;68;1;8;68
58;sitio da trindade;38;2;recife;2;16;7;1500;0;7;8;4;5;2;5;41;1;69;0;6;69
59;sitio da trindade;36;2;recife;3;12;3;1500;4;3;4;5;5;5;5;42;1;66;0;6;66
60;sitio da trindade;27;2;recife;1;20;2;1500;0;3;30;3;5;4;3;63;0;8;1;8;14
61;sitio da trindade;29;2;recife;1;15;2;1400;1;6;30;4;4;4;2;68;0;26;0;26;17
62;sitio da trindade;24;1;recife;1;16;2;1400;1;2;15;4;4;5;5;4;0;1;1;1;14
63;sitio da trindade;28;2;recife;1;15;6;1300;1;3;1;3;3;3;2;44;1;56;0;7;56
64;sitio da trindade;24;2;recife;1;16;2;1300;1;3;3;4;4;4;4;4;1;63;0;2;63
65;sitio da trindade;51;1;recife;2;16;3;1200;2;3;20;4;5;5;4;26;0;25;1;25;19
66;sitio da trindade;31;1;recife;1;16;0;1000;0;3;1;4;5;5;4;67;1;69;1;8;69
67;sitio da trindade;22;1;recife;1;22;3;1000;0;3;2;3;2;2;2;12;1;68;1;3;68
68;sitio da trindade;63;2;recife;4;9;3;998;2;3;5;5;4;5;4;38;1;51;1;6;51
69;sitio da trindade;49;2;recife;2;15;4;998;0;3;20;3;1;2;3;46;0;9;0;9;50
70;sitio da trindade;46;1;recife;2;10;3;998;2;6;15;3;3;3;1;44;0;20;1;20;10
71;sitio da trindade;32;1;recife;2;15;2;998;5;2;1;3;3;5;5;15;1;18;1;4;18
72;sitio da trindade;62;1;recife;2;10;1;980;2;7;25;4;4;4;3;68;1;69;1;8;69
73;sitio da trindade;22;1;recife;1;7;5;800;0;3;2;3;2;1;2;31;0;15;1;15;28
74;sitio da trindade;53;2;vitoria de santo antao;2;9;6;400;1;7;4;2;1;2;3;67;0;30;0;30;27
75;sitio da trindade;36;2;recife;1;3;0;300;0;3;3;3;4;4;3;60;1;69;0;8;69
76;sitio da trindade;61;2;recife;2;9;5;200;2;3;15;4;3;4;4;47;1;53;0;7;53
77;13demaio;25;2;paulista;1;21;0;1500;;7;1;4;5;5;4;63;0;39;1;39;10
78;13demaio;30;2;olinda ;2;16;2;1300;1;4;1;3;4;4;4;54;0;37;0;37;34
79;13demaio;71;2;recife;1;16;3;1780;1;2;1;3;5;5;5;9;0;6;0;6;53
80;13demaio;42;1;recife;2;16;2;1200;2;2;1;4;4;4;4;19;1;52;0;4;52
81;13demaio;27;2;olinda;1;13;0;244;2;4;4;3;5;5;4;70;0;23;0;23;3
82;13demaio;32;2;olinda;2;16;4;650;3;4;1;4;4;5;4;19;0;4;0;4;43
83;13demaio;42;2;camutanga;2;9;6;300;0;4;1;4;4;3;3;43;0;25;0;25;15
84;13demaio;31;2;recife;2;12;0;998;1;4;2;4;5;4;4;9;1;45;1;3;45
85;13demaio;33;2;recife;2;10;6;1500;3;4;1;3;2;2;2;65;0;57;1;0;38
86;13demaio;18;2;olinda;1;16;3;600;0;7;4;2;4;5;3;23;0;18;1;0;43
87;13demaio;58;2;recife;3;19;6;1200;0;7;2;3;4;5;5;8;1;26;0;3;26
88;13demaio;24;3;recife;1;14;2;250;0;2;2;5;2;4;5;33;1;36;1;6;36
89;13demaio;67;1;recife;2;15;3;4000;2;7;3;1;3;4;3;61;0;57;0;57;46
90;13demaio;49;1;recife;1;26;2;25000;5;7;20;1;5;1;1;35;0;2;0;2;41
91;13demaio;70;1;camaragibe;2;16;3;6000;0;7;20;4;4;4;4;46;0;27;0;27;12
92;13demaio;45;1;recife;1;20;2;2300;0;1;20;2;4;4;4;45;0;34;0;34;30
93;13demaio;44;1;recife;1;20;6;5000;0;7;4;3;4;3;4;39;0;1;1;1;54
94;13demaio;40;1;recife;2;16;2;5000;2;4;1;3;5;5;4;30;1;59;0;5;59
95;13demaio;43;2;camutanga;2;10;0;200;2;4;1;4;5;4;4;55;1;60;1;7;60
96;13demaio;20;2;olinda;1;16;2;600;0;7;4;2;5;4;3;30;1;58;1;5;58
97;13demaio;65;1;recife;2;12;3;998;0;4;1;4;4;5;4;34;0;26;1;26;15
98;13demaio;58;1;jaboatao;2;20;1;11000;0;3;8;4;4;4;4;1;1;58;1;1;58
99;13demaio;39;1;recife;1;16;6;4000;0;3;24;2;4;4;4;55;1;63;1;7;63
100;13demaio;19;1;recife;1;16;0;2000;0;3;30;4;3;4;4;25;1;47;1;5;47
101;13demaio;21;1;igarassu;1;17;2;1500;0;3;10;3;3;4;4;18;1;63;1;4;63
102;13demaio;30;1;recife;1;16;2;1433;1;3;22;3;4;4;4;53;0;45;0;45;48
103;13demaio;40;1;recife;2;16;2;2500;2;3;10;4;5;4;5;22;0;21;0;21;28
104;13demaio;24;1;recife;1;16;2;2500;0;3;20;4;4;4;4;50;1;51;1;7;51
105;13demaio;26;1;camaragibe;1;20;1;15000;0;7;4;4;4;5;4;19;1;53;1;4;53
106;13demaio;52;1;recife;2;12;6;3800;3;3;22;4;4;4;4;13;1;62;0;4;62
107;13demaio;53;2;abreu e Lima;3;16;2;1000;0;3;6;3;5;3;4;51;1;54;1;7;54
108;13demaio;28;2;paulista;1;20;1;1300;0;2;4;3;4;4;4;26;1;35;0;5;35
109;13demaio;45;1;fortaleza;1;16;3;3500;0;2;1;3;5;5;5;63;1;67;1;8;67
110;13demaio;46;1;recife;1;20;1;2300;1;6;12;3;4;4;4;3;1;61;0;2;61
111;13demaio;33;1;olinda;2;16;0;900;2;7;6;4;4;4;5;16;1;44;0;4;44
112;13demaio;26;2;recife;1;18;7;900;1;7;4;3;4;4;4;20;1;43;1;4;43
113;13demaio;54;2;recife;1;20;7;2000;0;7;1;4;4;5;5;7;1;47;0;3;47
114;13demaio;33;2;olinda ;2;16;2;1200;1;4;1;4;4;3;4;60;0;52;0;52;8
115;13demaio;53;1;recife;2;16;3;998;1;2;3;4;5;5;5;15;1;40;0;4;40
116;13demaio;40;2;recife;2;16;6;1000;2;2;1;3;4;5;4;25;0;6;0;6;49
117;13demaio;28;1;olinda;1;11;7;1000;2;2;8;4;5;4;4;57;0;53;1;53;46
118;13demaio;40;2;olinda;1;10;4;1000;2;4;1;4;4;5;4;2;1;25;0;1;25
119;13demaio;28;1;olinda;2;11;2;1300;3;2;4;4;5;5;3;26;1;30;1;5;30
120;13demaio;23;2;camutanga;1;16;1;1000;1;4;1;5;5;4;4;58;1;68;0;8;68
121;13demaio;38;2;recife;1;16;2;1000;0;4;5;4;5;4;4;64;1;67;0;8;67
122;13demaio;75;1;recife;4;0;3;1000;0;2;8;5;3;5;3;37;0;29;0;29;5
123;13demaio;50;1;paulista;2;16;2;2500;2;2;10;4;5;5;4;19;1;42;0;4;42
124;13demaio;30;1;recife;2;16;2;2000;2;4;1;3;4;5;3;35;1;58;0;6;58
125;13demaio;29;1;jaboatao;1;20;2;1000;2;7;4;3;5;5;4;38;1;41;1;6;41
126;13demaio;33;1;recife;2;22;2;5600;1;7;1;2;5;4;5;26;0;26;0;26;14
127;13demaio;33;1;recife;1;20;2;2000;3;7;30;4;4;5;4;48;1;52;1;7;52
128;13demaio;50;2;recife;1;15;2;998;0;3;24;1;5;4;4;56;0;13;0;13;48
129;13demaio;51;2;olinda;2;17;2;1200;0;3;24;4;4;4;4;32;0;19;1;19;55
130;13demaio;60;1;recife;2;13;2;3000;2;2;2;3;5;5;3;36;0;32;0;32;0
131;13demaio;46;2;olinda;3;20;2;1400;2;3;20;4;;4;4;25;1;29;0;5;29
132;13demaio;65;2;recife;1;16;4;998;0;3;6;4;4;5;5;12;0;3;0;3;50
133;13demaio;39;1;recife;1;16;1;1200;2;;9;3;5;3;4;69;0;39;0;39;17
134;13demaio;55;1;recife;2;16;2;4200;1;3;27;4;4;4;5;25;1;52;1;5;52
135;13demaio;56;1;recife;1;20;2;5000;0;3;30;3;5;5;4;42;1;50;1;6;50
136;13demaio;41;1;recife;2;20;2;2000;1;3;9;2;4;5;5;65;0;34;0;34;26
137;13demaio;29;1;recife;1;20;2;998;0;2;30;1;4;3;4;48;0;27;0;27;38
138;13demaio;33;1;recife;1;16;1;4800;0;2;30;1;4;4;4;48;0;23;0;23;3
139;13demaio;71;1;olinda;1;16;1;1000;0;2;30;4;4;4;4;51;0;26;0;26;10
140;13demaio;45;1;recife;1;13;6;998;0;6;1;3;5;5;3;4;0;2;0;2;40
141;13demaio;38;1;recife;2;16;2;1000;0;2;1;4;4;5;4;23;0;8;0;8;50
142;13demaio;50;1;recife;1;8;3;998;0;6;9;3;4;4;5;16;0;5;0;5;26
143;13demaio;27;1;recife;1;15;2;998;0;3;23;3;4;5;5;28;0;27;0;27;8
144;13demaio;30;1;recife;1;16;2;1500;3;3;20;3;5;4;5;57;1;62;1;8;62
145;13demaio;59;1;recife;1;15;7;998;0;2;25;4;5;5;3;56;1;62;1;7;62
146;13demaio;40;2;recife;1;8;4;998;3;4;2;5;4;5;4;51;1;68;1;7;68
147;13demaio;26;1;camaragibe;2;16;2;1080;0;2;8;5;5;5;5;18;1;59;0;4;59
148;13demaio;22;2;recife;1;19;7;384;0;7;2;3;5;5;3;53;1;59;0;7;59
149;13demaio;58;3;paulista;1;9;0;170;1;4;1;3;5;5;3;38;1;51;0;6;51
150;13demaio;48;2;recife;2;11;0;200;0;2;5;1;5;1;5;50;1;65;1;7;65
151;13demaio;34;1;recife;2;16;6;1000;1;2;2;4;5;4;4;48;1;68;1;7;68
152;13demaio;26;1;recife;1;16;2;15000;1;2;3;4;4;3;4;33;1;34;1;6;34
153;13demaio;55;1;recife;2;10;2;1300;1;2;2;4;4;5;5;48;1;56;1;7;56
154;13demaio;28;1;recife;1;11;0;400;0;7;2;4;5;5;5;37;0;19;0;19;56
155;13demaio;34;2;recife;2;12;2;998;2;2;1;5;4;4;4;12;1;22;0;3;22
156;13demaio;41;1;paulista;1;12;6;1000;0;2;30;1;4;4;4;44;0;22;0;22;34
157;13demaio;40;1;recife;1;16;0;91;0;7;30;5;1;4;1;16;1;60;0;4;60
158;13demaio;57;2;recife;2;20;1;2500;2;2;1;3;4;4;3;10;1;13;0;3;13
159;13demaio;53;2;recife;2;20;1;5000;0;2;16;3;4;4;3;12;1;20;0;3;20
160;13demaio;36;2;escada;1;16;7;1000;1;5;4;2;3;4;3;3;1;31;0;2;31
161;13demaio;36;2;recife;2;16;6;1500;1;4;12;3;5;3;3;24;0;13;0;13;56
162;13demaio;64;2;Lamim - MG;2;16;3;998;1;2;2;4;5;5;4;25;0;21;0;21;21
163;13demaio;28;2;recife;4;11;0;91;1;2;15;4;5;5;5;63;0;33;0;33;22
164;13demaio;42;1;recife;2;8;2;1100;3;4;2;5;5;4;4;38;1;64;1;6;64
165;13demaio;46;2;olinda;1;8;7;500;0;2;1;4;4;5;5;65;1;66;0;8;66
166;13demaio;38;1;recife;2;12;2;998;2;2;1;5;4;4;4;47;0;22;0;22;41
167;13demaio;42;1;recife;1;16;0;700;0;7;20;4;4;4;4;69;1;70;1;8;70
168;13demaio;63;1;paulista;2;12;2;600;1;7;30;4;4;4;4;33;1;48;1;6;48
169;13demaio;54;2;recife;2;20;1;3000;2;2;1;3;5;4;3;37;1;66;1;6;66
170;13demaio;20;1;recife;1;16;1;250;0;2;5;5;5;5;3;8;0;2;0;2;26
171;13demaio;20;1;olinda;1;16;7;1200;0;2;1;3;4;5;4;33;1;35;0;6;35
172;13demaio;33;1;joao pessoa;2;16;6;1500;3;4;1;3;4;4;3;21;1;40;1;5;40
173;13demaio;30;2;recife;1;10;7;253;5;7;1;4;5;3;3;54;0;26;1;26;16
174;13demaio;31;1;recife;1;16;3;998;0;7;3;4;4;4;5;39;1;68;1;6;68
175;13demaio;31;1;olinda;1;20;7;1000;0;7;4;3;4;4;3;22;1;31;0;5;31
176;13demaio;34;1;recife;1;22;5;3000;0;7;4;3;4;1;3;7;0;4;0;4;44
177;13demaio;65;1;olinda;3;20;1;15000;2;7;6;3;5;5;4;20;1;67;1;4;67
178;13demaio;54;2;recife;3;16;1;998;2;7;6;3;5;5;4;60;0;49;0;49;13
179;13demaio;23;1;paulista;2;17;6;1000;0;3;6;3;5;5;5;44;1;61;1;7;61
180;13demaio;28;2;recife;2;16;2;1300;0;3;20;3;5;5;5;12;1;25;1;3;25
181;13demaio;52;1;recife;2;16;2;2000;1;2;15;3;4;4;5;50;0;32;0;32;7
182;13demaio;21;2;recife;1;6;5;1500;0;7;1;3;3;2;2;39;0;9;0;9;0
183;13demaio;40;1;recife;1;16;1;998;3;4;1;4;5;5;4;20;0;3;0;3;44
184;13demaio;28;2;recife;1;16;0;998;1;4;2;4;5;5;4;51;0;45;0;45;30
185;13demaio;51;1;recife;1;16;3;2300;1;7;3;3;5;5;5;2;1;23;1;1;23
186;13demaio;21;2;recife;1;18;2;1075;0;2;1;3;5;5;5;13;1;18;1;4;18
187;13demaio;34;1;olinda;1;18;6;2000;1;4;2;4;5;5;5;25;1;57;1;5;57
188;13demaio;32;2;olinda;1;14;5;370;1;2;3;3;5;5;5;48;1;67;0;7;67
189;13demaio;71;1;olinda;1;12;1;2000;0;2;3;3;4;4;4;21;0;13;0;13;35
190;13demaio;28;2;olinda;1;16;2;1225;0;2;1;4;5;5;4;23;1;44;0;5;44
191;13demaio;45;1;recife;1;20;2;2000;1;6;4;2;4;4;4;44;1;64;0;7;64
192;13demaio;40;1;abreu e Lima;2;9;2;1800;0;2;2;4;4;5;4;51;0;9;0;9;10
193;13demaio;19;2;recife;1;21;5;700;0;7;1;3;4;3;3;16;0;11;0;11;10
194;13demaio;25;1;olinda;1;10;6;1000;0;4;3;3;5;5;5;20;1;61;1;4;61
195;13demaio;42;1;paulista;2;20;7;2000;0;7;2;1;4;1;4;25;0;1;0;1;0
196;13demaio;47;1;recife;1;20;6;2000;0;7;30;2;4;1;4;15;1;48;1;4;48
197;13demaio;56;1;recife;3;16;6;1500;0;7;20;3;5;3;3;20;1;28;1;4;28
198;13demaio;38;1;olinda;1;20;6;1700;7;0;30;3;4;4;4;10;1;63;1;3;63
199;13demaio;34;1;jaboatao;2;17;2;1200;2;7;12;1;4;3;2;64;1;68;1;8;68
200;13demaio;25;1;jaboatao;1;19;5;700;0;2;1;3;4;5;4;50;0;34;0;34;20
201;13demaio;32;2;recife;1;16;2;1300;3;2;1;1;1;4;1;28;0;25;1;25;41
202;13demaio;31;1;recife;2;16;1;998;1;2;2;4;5;3;4;68;0;31;0;31;53
203;13demaio;46;2;olinda;2;13;6;2500;0;7;1;3;5;5;4;3;1;56;0;2;56
204;13demaio;50;1;olinda;;10;6;2500;0;7;1;3;5;5;4;25;1;66;1;5;66
205;13demaio;32;1;olinda;2;16;1;1400;1;2;4;4;4;3;4;40;0;10;0;10;7
206;13demaio;31;1;recife;2;16;2;998;0;2;1;3;5;5;5;64;1;67;1;8;67
207;13demaio;34;2;recife;2;16;2;900;0;2;1;3;5;5;5;30;1;70;1;5;70
208;13demaio;60;1;recife;2;16;3;998;2;2;3;3;4;4;4;55;0;29;0;29;9
209;13demaio;27;1;olinda;1;16;2;2000;0;2;1;4;5;5;4;13;1;69;0;4;69
210;13demaio;35;2;abreu e Lima;2;16;6;350;1;7;25;5;4;5;5;65;1;66;1;8;66
211;13demaio;35;1;abreu e Lima;2;16;2;998;2;4;2;3;4;4;3;45;1;47;1;7;47
212;13demaio;56;2;abreu e Lima;1;11;2;1200;2;2;1;3;5;5;5;12;1;68;0;3;68
213;13demaio;52;1;planalto - BA;1;12;2;2700;0;2;2;3;5;5;5;36;0;6;0;6;33
214;13demaio;45;1;recife;2;10;6;1000;0;2;15;5;5;5;5;17;1;22;1;4;22
215;santosdumont;34;2;recife;2;16;2;1800;1;4;3;4;5;4;5;26;1;64;0;5;64
216;santosdumont;30;2;recife;1;20;6;2500;0;3;25;4;4;3;3;15;1;57;0;4;57
217;santosdumont;33;2;recife;2;16;6;600;1;4;24;3;5;3;3;10;1;47;1;3;47
218;santosdumont;42;2;recife;2;20;1;5000;1;4;8;5;5;4;4;9;1;63;0;3;63
219;santosdumont;48;2;recife;2;16;4;5000;2;4;4;4;5;4;4;31;1;67;0;6;67
220;santosdumont;24;1;recife;1;16;2;2900;1;3;2;5;5;4;4;33;1;63;0;6;63
221;santosdumont;41;1;recife;2;20;1;10000;2;4;1;4;4;4;4;11;1;19;1;3;19
222;santosdumont;73;1;recife;4;16;3;1800;2;4;4;5;5;4;4;53;0;24;0;24;30
223;santosdumont;28;1;recife;1;16;6;6000;1;1;4;5;5;5;5;37;1;62;0;6;62
224;santosdumont;34;2;recife;2;20;1;8000;2;4;1;4;5;4;4;27;1;44;1;5;44
225;santosdumont;20;1;recife;1;16;2;500;0;3;16;5;5;3;4;11;1;56;1;3;56
226;santosdumont;34;2;recife;2;15;4;1000;2;4;8;4;4;5;4;7;1;58;1;3;58
227;santosdumont;35;1;recife;2;22;1;7000;1;4;3;4;4;4;4;15;1;56;1;4;56
228;santosdumont;65;1;recife;4;20;3;12000;1;3;4;4;4;3;4;9;1;19;1;3;19
229;santosdumont;50;1;recife;2;20;1;5000;1;4;1;4;4;3;3;26;0;10;1;10;31
230;santosdumont;51;2;recife;2;22;1;7000;2;7;5;5;5;0;5;43;1;64;1;7;64
231;santosdumont;30;2;recife;1;20;6;2000;0;2;5;4;5;3;4;44;1;54;1;7;54
232;santosdumont;28;2;recife;1;16;6;1200;1;4;12;3;5;2;2;46;0;27;1;27;53
233;santosdumont;28;1;recife;1;16;0;150;0;3;30;3;0;5;5;22;0;1;1;1;27
234;santosdumont;46;2;recife;3;16;6;2000;0;4;5;3;5;5;4;27;0;23;0;23;32
235;santosdumont;25;2;recife;1;22;1;3600;0;1;2;5;4;3;4;16;1;37;1;4;37
236;santosdumont;41;2;recife;2;19;6;6000;0;3;6;5;5;5;4;46;0;16;0;16;53
237;santosdumont;36;1;recife;1;16;6;4000;1;2;10;4;5;4;4;30;0;3;1;3;35
238;santosdumont;33;2;recife;2;7;4;1000;3;4;5;4;4;4;4;48;1;68;1;7;68
239;santosdumont;46;2;recife;1;16;6;800;0;3;4;5;4;5;4;41;1;66;1;6;66
240;santosdumont;53;3;recife;2;20;2;2500;0;3;5;5;5;4;3;10;1;59;0;3;59
241;santosdumont;27;2;recife;1;22;6;2500;1;7;5;4;4;3;4;6;1;18;1;2;18
242;santosdumont;49;1;recife;1;20;6;2000;0;2;26;3;4;3;3;53;1;54;0;7;54
243;santosdumont;63;2;recife;3;16;3;6000;0;4;1;5;5;4;4;57;0;5;1;5;65
244;santosdumont;33;2;recife;2;22;2;3000;0;7;30;4;4;4;4;23;1;38;1;5;38
245;santosdumont;54;1;recife;1;10;3;900;0;3;30;3;4;4;4;16;1;44;0;4;44
246;santosdumont;27;1;recife;1;12;1;4000;2;4;1;5;5;5;5;13;1;51;0;4;51
247;santosdumont;43;1;recife;1;22;6;2000;1;4;1;3;5;3;3;21;1;23;1;5;23
248;santosdumont;32;2;recife;2;22;2;1800;2;4;1;4;4;4;4;31;1;55;0;6;55
249;santosdumont;47;1;recife;2;22;7;8000;1;4;2;4;5;5;4;46;1;58;1;7;58
250;santosdumont;45;2;jaboatao;1;22;2;1500;0;2;1;4;4;3;3;65;0;13;0;13;73
251;santosdumont;49;3;jaboatao;1;22;1;2000;0;2;1;4;4;3;4;61;0;56;0;56;69
252;santosdumont;63;1;recife;2;22;3;6000;2;3;4;1;2;3;3;2;1;4;0;1;4
253;santosdumont;19;1;jaboatao;1;16;2;980;0;6;20;5;5;5;3;35;1;62;0;6;62
254;santosdumont;20;2;jaboatao;1;16;2;1150;0;7;2;5;5;4;4;45;1;49;0;7;49
255;santosdumont;19;1;recife;1;16;2;1300;0;7;1;5;5;3;4;34;1;36;1;6;36
256;santosdumont;77;2;garanhuns;4;10;3;980;0;4;1;4;4;4;4;41;0;30;1;30;47
257;santosdumont;41;1;recife;2;22;2;7000;2;3;6;3;5;3;3;32;1;34;1;6;34
258;santosdumont;40;2;recife;2;20;2;6000;0;7;2;4;4;3;4;10;1;28;0;3;28
259;santosdumont;65;2;recife;4;13;3;2000;3;6;4;5;5;5;4;47;1;62;1;7;62
260;santosdumont;36;2;recife;2;16;6;3000;3;4;8;4;4;5;5;58;1;66;1;8;66
261;santosdumont;62;1;recife;2;22;7;30000;1;2;10;3;4;4;4;6;1;23;1;2;23
262;santosdumont;51;2;recife;2;18;7;1000;0;7;2;5;2;4;4;33;0;7;0;7;39
263;santosdumont;34;1;recife;2;22;6;20000;2;4;1;4;4;5;4;47;1;50;1;7;50
264;santosdumont;41;1;recife;2;22;2;10000;1;4;1;3;5;3;3;24;0;4;1;4;29
265;santosdumont;37;2;recife;1;16;2;1200;2;3;24;5;5;5;4;19;1;28;0;4;28
266;santosdumont;59;2;recife;2;16;3;2900;0;7;8;5;4;3;4;9;1;23;0;3;23
267;santosdumont;60;2;rio de janeiro;2;16;3;2500;0;4;4;3;4;3;3;66;0;31;0;31;74
268;santosdumont;34;1;recife;1;20;1;5000;1;4;4;5;5;5;5;2;1;22;0;1;22
269;santosdumont;37;1;recife;1;12;6;2000;2;3;5;4;5;4;4;41;1;53;1;6;53
270;santosdumont;39;1;recife;2;16;20;2900;2;2;4;4;4;4;4;34;1;66;0;6;66
271;santosdumont;53;2;recife;4;14;3;1800;3;3;12;5;5;3;4;35;1;60;0;6;60
272;santosdumont;38;2;recife;1;20;0;600;3;3;5;4;4;4;3;41;1;48;0;6;48
273;santosdumont;18;1;recife;1;14;2;468;0;1;24;5;4;4;3;57;1;62;1;8;62
274;santosdumont;31;1;recife;2;20;2;14000;1;4;15;4;5;5;5;29;1;36;0;5;36
275;santosdumont;23;1;recife;1;16;2;2200;0;3;17;4;5;5;5;65;1;68;1;8;68
276;santosdumont;60;1;jaboatao;3;20;1;2000;2;3;12;3;4;3;3;12;0;10;0;10;15
277;santosdumont;22;2;recife;3;20;2;1500;0;2;4;4;5;4;4;16;1;44;0;4;44
278;santosdumont;67;1;recife;2;20;1;5000;1;3;4;4;5;4;5;67;1;70;0;8;70
279;santosdumont;44;1;recife;2;22;2;8000;2;4;12;4;5;4;4;16;1;37;1;4;37
280;santosdumont;43;2;recife;2;22;1;4500;2;4;1;4;4;3;3;62;0;13;1;13;70
281;santosdumont;52;2;recife;4;14;6;5000;1;4;25;3;4;4;3;68;0;33;0;33;76
282;santosdumont;36;2;recife;1;20;2;6000;1;3;4;4;4;5;5;47;0;26;0;26;54
283;santosdumont;19;1;recife;1;16;2;1000;3;7;3;4;4;4;3;28;1;45;1;5;45
284;santosdumont;40;1;recife;2;22;1;6000;2;2;1;3;5;4;3;14;1;31;1;4;31
285;santosdumont;23;2;recife;1;18;7;800;0;7;3;4;5;4;3;67;1;68;1;8;68
286;santosdumont;53;1;recife;2;22;1;10000;2;4;10;4;4;4;4;19;1;67;1;4;67
287;santosdumont;33;1;recife;2;22;7;8000;0;2;7;4;5;4;3;22;0;18;0;18;27
288;santosdumont;51;1;recife;2;20;2;6000;0;3;20;4;5;4;4;7;1;25;1;3;25
289;santosdumont;32;1;recife;2;20;2;7000;1;2;8;5;5;4;5;28;1;67;1;5;67
290;santosdumont;50;2;paulista;1;20;2;3000;0;3;4;5;5;2;3;20;1;66;1;4;66
291;santosdumont;40;1;recife;2;16;6;2000;0;3;8;3;5;3;3;8;1;56;1;3;56
292;santosdumont;49;1;recife;2;20;1;8000;3;3;8;4;5;3;4;16;1;64;1;4;64
293;santosdumont;63;2;recife;2;9;3;1200;2;3;12;3;5;4;3;8;1;68;1;3;68
294;santosdumont;51;1;recife;2;20;1;4300;2;3;20;3;5;5;5;25;1;55;0;5;55
295;santosdumont;36;2;recife;1;20;2;3800;0;3;12;3;5;3;4;4;1;58;1;2;58
296;santosdumont;48;1;recife;4;13;6;3000;2;3;4;4;5;5;5;14;1;63;0;4;63
297;santosdumont;71;1;jaboatao;2;16;3;3300;2;2;2;4;5;4;3;43;1;47;1;7;47
298;santosdumont;33;2;jaboatao;1;16;2;1850;0;3;8;4;5;3;3;35;1;65;0;6;65
299;santosdumont;58;1;jaboatao;2;20;6;2800;0;2;1;5;5;4;5;11;1;49;1;3;49
300;santosdumont;36;1;recife;1;16;2;1400;0;3;8;4;4;3;4;38;1;64;1;6;64
301;santosdumont;46;2;recife;2;16;2;1700;2;4;4;4;5;4;4;14;1;44;1;4;44
302;santosdumont;34;2;recife;2;16;2;1800;1;4;3;4;5;4;5;26;1;64;0;5;64
303;santosdumont;30;2;recife;1;20;6;2500;0;3;25;4;4;3;3;15;1;57;0;4;57
304;santosdumont;33;2;recife;2;16;6;600;1;4;24;3;5;3;3;10;1;47;1;3;47
305;santosdumont;42;2;recife;2;20;1;5000;1;4;8;5;5;4;4;9;1;63;0;3;63
306;santosdumont;48;2;recife;2;16;4;5000;2;4;4;4;5;4;4;31;1;67;0;6;67
307;santosdumont;24;1;recife;1;16;2;2900;1;3;2;5;5;4;4;33;1;63;0;6;63
308;santosdumont;41;1;recife;2;20;1;10000;2;4;1;4;4;4;4;11;1;19;1;3;19
309;santosdumont;73;1;recife;4;16;3;1800;0;4;4;5;5;4;4;24;1;53;0;5;53
310;santosdumont;28;1;recife;1;16;6;6000;3;1;4;5;5;5;5;37;1;62;0;6;62
311;santosdumont;34;2;recife;2;20;1;8000;2;4;1;4;5;4;4;27;1;44;1;5;44
312;santosdumont;20;1;recife;1;16;2;500;0;3;16;5;5;3;4;11;1;56;1;3;56
313;santosdumont;34;2;recife;2;15;4;1000;2;4;8;4;4;5;4;7;1;58;1;3;58
314;santosdumont;51;1;recife;2;20;2;6000;0;3;20;4;5;4;4;7;1;25;1;3;25
315;santosdumont;32;1;recife;2;20;2;7000;1;2;8;5;5;4;5;28;1;67;1;5;67
316;santosdumont;50;2;paulista;1;20;2;3000;0;3;4;5;5;2;3;20;1;66;1;4;66
317;santosdumont;40;1;recife;2;16;6;2000;0;3;8;3;5;3;3;8;1;56;1;3;56
318;santosdumont;49;1;recife;2;20;1;8000;3;3;8;4;5;3;4;16;1;64;1;4;64
319;santosdumont;63;2;recife;2;9;3;1200;2;3;12;3;5;4;3;8;1;68;1;3;68
320;santosdumont;51;1;recife ;2;20;1;4300;2;3;20;3;5;5;5;25;1;55;0;5;55
321;santosdumont;36;2;recife;1;20;2;3800;0;3;12;3;5;3;4;4;1;58;1;2;58
322;santosdumont;48;1;recife;4;13;6;3000;2;3;4;4;5;5;5;14;1;63;0;4;63
323;santosdumont;71;1;jaboatao;2;16;3;3300;2;2;2;4;5;4;3;43;1;47;1;7;47
324;santosdumont;33;2;jaboatao;1;16;2;1850;0;3;8;4;5;3;3;35;1;65;0;6;65
325;santosdumont;58;1;jaboatao;2;20;6;2800;0;2;1;5;5;4;5;11;1;49;1;3;49
326;santosdumont;36;1;recife;1;16;2;1400;0;3;8;4;4;3;4;38;1;64;1;6;64
327;santosdumont;46;2;recife;2;16;2;1700;2;4;4;4;5;4;4;14;1;44;1;4;44
328;santosdumont;29;2;recife;1;22;1;5000;0;3;12;4;4;2;3;36;1;62;0;6;62
329;santosdumont;35;2;recife;2;20;1;7000;2;3;4;3;4;3;2;31;1;45;0;6;45
330;santosdumont;26;2;recife;1;22;2;4000;0;2;4;4;4;4;4;2;1;62;0;1;62
331;santosdumont;40;1;recife;2;20;2;5000;1;3;8;4;5;4;3;35;1;69;0;6;69
332;santosdumont;35;1;recife;2;16;6;7000;1;4;1;4;4;4;4;24;1;66;1;5;66
333;santosdumont;65;2;olinda;2;16;3;4000;0;4;1;4;5;5;4;10;1;68;0;3;68
334;santosdumont;60;1;fortaleza;2;20;1;8000;4;4;1;4;5;2;3;35;1;57;1;6;57
335;santosdumont;39;2;gloria do goita;1;16;2;1000;0;2;1;5;5;5;4;39;1;65;1;6;65
336;santosdumont;34;2;recife;2;22;2;10000;1;4;1;2;2;3;4;34;1;70;0;6;70
337;santosdumont;45;2;jaboatao;2;22;6;3000;2;3;8;5;5;4;4;38;1;52;0;6;52
338;santosdumont;41;2;jaboatao;2;20;1;5000;2;2;2;3;5;5;4;14;1;39;1;4;39
339;santosdumont;30;2;olinda;1;20;6;600;0;3;4;3;4;3;4;6;1;69;1;2;69
340;santosdumont;26;1;recife;1;16;0;1000;0;3;4;3;5;4;4;12;1;53;0;3;53
341;santosdumont;24;2;recife;1;20;6;2000;1;2;30;4;5;5;4;46;1;68;0;7;68
342;santosdumont;70;1;jaboatao;2;16;3;3500;0;2;1;4;5;5;4;31;1;52;0;6;52
343;lindu;52;1;jaboatao;2;11;6;900;2;7;8;3;3;4;4;41;1;57;1;6;57
344;lindu;32;2;jaboatao;1;20;2;2000;1;4;3;3;3;4;4;28;0;21;0;21;33
345;lindu;65;1;jaboatao;2;9;6;1500;1;7;6;3;3;5;3;12;1;50;1;3;50
346;lindu;27;2;jaboatao;2;13;4;90;2;4;5;4;4;4;4;45;0;1;0;1;52
347;lindu;38;2;recife;2;22;2;2100;0;3;3;4;4;5;4;6;1;41;1;2;41
348;lindu;34;2;recife;1;20;6;5000;1;4;5;3;1;4;3;10;1;26;0;3;26
349;lindu;51;1;recife;2;20;2;8000;1;4;1;3;3;4;3;24;1;44;0;5;44
350;lindu;18;1;jaboatao;1;16;5;1700;2;2;6;2;2;4;3;5;1;6;1;2;6
351;lindu;28;2;recife;1;20;0;1000;3;7;6;4;4;5;4;36;0;13;1;13;42
352;lindu;58;2;jaboatao;2;20;1;1800;0;7;5;3;3;4;4;66;0;21;0;21;74
353;lindu;52;2;jaboatao;1;16;6;1500;0;4;6;5;3;5;5;49;1;66;0;7;66
354;lindu;20;2;recife;1;19;5;1000;0;4;9;4;5;5;4;27;1;39;1;5;39
355;lindu;36;2;recife;2;20;2;3000;1;4;7;4;4;5;5;34;1;37;1;6;37
356;lindu;55;1;jaboatao;2;9;6;920;4;7;7;5;3;4;4;37;0;21;1;21;43
357;lindu;46;1;recife;2;16;1;3000;2;4;3;3;3;4;3;46;0;5;0;5;53
358;lindu;36;2;recife;1;16;6;500;0;2;7;4;5;5;5;15;1;62;0;4;62
359;lindu;59;2;recife;2;20;6;7000;2;2;1;3;3;3;3;26;0;7;0;7;31
360;lindu;32;1;recife;1;20;6;10000;0;2;5;4;5;5;4;19;0;5;0;5;23
361;lindu;19;2;recife;1;18;5;450;0;2;1;3;2;4;4;20;1;37;1;4;37
362;lindu;27;2;recife;1;16;7;900;0;4;1;4;4;4;3;19;1;57;0;4;57
363;lindu;40;1;recife;2;20;2;10000;3;2;1;4;4;3;3;56;1;59;1;7;59
364;lindu;37;1;jaboatao;2;16;1;7000;3;4;3;3;3;4;4;44;0;36;1;36;51
365;lindu;27;2;jaboatao;1;16;4;900;1;2;6;5;5;5;5;54;1;60;1;7;60
366;lindu;24;1;camaragibe;2;20;6;1500;0;2;9;4;4;3;3;53;1;70;0;7;70
367;lindu;48;2;olinda;1;20;2;3000;0;7;10;4;4;5;5;4;1;12;1;2;12
368;lindu;30;2;recife;1;16;1;2000;0;2;6;4;3;4;4;46;1;59;0;7;59
369;lindu;33;1;cabo de santo agostinho;1;20;2;2500;3;4;13;3;4;4;4;6;1;37;0;2;37
370;lindu;52;1;recife;2;12;6;3000;6;4;3;5;5;5;4;58;1;70;1;8;70
371;lindu;42;1;camaragibe;3;16;2;2200;2;2;9;4;4;4;3;68;0;66;0;66;76
372;lindu;46;1;recife;2;22;2;10800;2;4;1;3;3;2;4;63;0;10;0;10;71
373;lindu;19;2;recife;1;17;5;940;0;3;3;5;4;5;2;67;0;20;1;20;75
374;lindu;36;2;jaboatao;2;20;2;12000;3;4;3;3;4;4;4;30;1;31;1;5;31
375;lindu;43;2;recife;1;20;7;998;1;4;1;4;4;4;4;20;1;33;0;4;33
376;lindu;57;2;recife;2;20;1;4000;3;4;1;4;4;5;3;3;1;70;0;2;70
377;lindu;62;2;jaboatao;1;22;1;5000;0;3;4;4;3;4;4;2;1;4;1;1;4
378;lindu;38;1;jaboatao;2;16;2;1800;1;2;5;4;4;4;5;36;1;70;1;6;70
379;lindu;36;2;jaboatao;2;20;2;2000;2;4;1;5;4;5;5;54;1;65;0;7;65
380;lindu;78;2;recife;4;20;3;3600;0;2;1;4;3;4;4;37;1;42;0;6;42
381;lindu;23;2;recife;1;16;1;1100;0;2;1;3;3;5;4;12;1;18;1;3;18
382;lindu;42;1;camaragibe;2;20;2;7000;3;4;1;4;3;4;4;7;1;16;1;3;16
383;lindu;65;2;jaboatao;3;16;3;998;1;7;1;3;3;3;3;19;0;18;0;18;23
384;lindu;40;2;recife;2;11;4;500;3;7;1;5;5;4;4;59;0;10;0;10;67
385;lindu;38;2;recife;2;20;6;1200;2;2;17;4;2;4;4;68;0;14;0;14;76
386;lindu;33;2;jaboatao;1;16;2;998;2;2;1;4;4;4;5;32;1;68;0;6;68
387;lindu;33;2;sao lourenco;2;16;2;1400;1;2;30;4;3;4;4;2;1;39;0;1;39
388;lindu;39;2;jaboatao;1;16;2;998;1;2;33;4;4;4;4;62;1;67;0;8;67
389;lindu;38;1;jaboatao;2;20;2;4500;0;4;25;4;4;3;4;62;1;67;1;8;67
390;lindu;38;1;recife;2;16;2;2040;3;4;33;4;4;4;4;30;1;60;0;5;60
391;lindu;39;2;recife;1;20;1;5000;2;4;25;4;4;4;4;1;1;28;1;1;28
392;lindu;50;1;recife;3;16;1;4000;4;3;1;5;4;4;3;63;0;39;0;39;71
393;lindu;30;1;jaboatao;1;16;2;1300;2;4;33;4;3;5;4;42;0;5;1;5;48
394;lindu;41;2;recife;3;20;6;600;1;4;25;4;4;5;2;37;1;59;0;6;59
395;lindu;35;2;jaboatao;3;16;2;1000;0;4;1;3;4;4;4;41;0;25;0;25;47
396;lindu;36;1;cabo de santo agostinho;1;16;1;2000;1;4;25;4;3;4;3;39;1;40;1;6;40
397;lindu;41;1;jaboatao;2;19;5;2000;1;4;10;4;4;5;4;38;1;45;1;6;45
398;lindu;36;1;recife;2;20;6;14000;2;4;1;3;5;5;4;18;1;32;0;4;32
399;lindu;23;2;recife;1;16;2;1800;1;4;3;4;3;4;4;29;1;62;1;5;62
400;lindu;59;2;recife;2;22;3;1800;0;4;21;5;1;5;4;13;1;16;1;4;16
401;lindu;53;1;recife;1;13;2;2000;1;7;17;4;4;5;4;13;1;16;1;4;16
402;lindu;59;2;camaragibe;1;10;0;1000;1;4;75;5;3;5;3;46;1;48;1;7;48
403;lindu;33;2;recife;1;20;2;3000;0;4;1;3;1;4;3;25;0;2;0;2;30
404;lindu;41;1;recife;2;20;6;18000;2;4;1;4;4;3;4;48;0;36;1;36;55
405;lindu;23;1;recife;1;16;2;1000;0;2;1;4;2;4;4;50;0;24;0;24;57
406;lindu;41;1;recife;1;20;2;15000;2;2;5;5;4;5;4;70;0;20;0;20;78
407;lindu;52;2;jaboatao;1;20;2;1000;1;4;3;3;4;4;4;37;0;10;1;10;43
408;lindu;49;2;recife;2;15;6;2000;1;4;1;3;3;4;3;15;0;9;1;9;19
409;lindu;36;2;recife;2;15;6;15000;1;4;1;3;2;4;4;53;0;52;1;52;60
410;lindu;39;1;recife;2;20;3;6000;1;4;1;5;3;5;4;50;0;11;0;11;57
411;lindu;61;2;recife;3;16;2;1800;0;4;3;4;3;5;3;32;0;18;0;18;38
412;lindu;20;1;recife;1;20;2;998;0;3;1;5;3;5;4;62;0;43;0;43;70
413;lindu;58;1;abreu e Lima;2;16;3;8400;3;4;1;5;2;5;5;44;1;64;1;7;64
414;lindu;61;1;recife;2;16;1;8000;3;3;1;3;3;4;4;30;0;14;0;14;35
415;lindu;35;1;jaboatao;2;16;2;3000;1;2;3;4;4;4;4;70;0;22;0;22;78
416;lindu;69;1;jaboatao;2;10;3;2000;2;2;3;4;5;4;4;12;0;8;0;8;15
417;lindu;38;1;camaragibe;2;16;2;3400;2;2;4;5;5;4;5;10;1;49;1;3;49
418;lindu;47;1;olinda;2;16;2;2000;0;7;3;5;4;5;4;69;1;70;1;8;70
419;lindu;25;1;jaboatao;1;16;2;998;0;2;13;4;3;3;4;69;1;70;1;8;70
420;lindu;52;2;recife;2;20;1;5800;1;4;3;4;4;4;4;51;1;63;1;7;63
421;lindu;36;2;jaboatao;1;13;2;998;0;2;15;3;4;4;2;27;1;30;1;5;30
422;lindu;34;2;recife;2;2;6;8000;2;4;1;4;3;3;4;70;1;75;1;8;75
423;lindu;62;2;recife;3;1;2;7000;0;4;1;4;3;4;4;65;0;38;0;38;73
424;lindu;54;1;recife;3;20;6;10000;0;2;1;4;4;4;4;55;0;6;0;6;62
425;lindu;30;2;recife;1;16;2;998;1;4;3;4;4;4;4;31;0;17;0;17;37
426;lindu;47;1;recife;2;20;6;10000;1;7;1;5;3;5;3;65;1;69;1;8;69
427;lindu;61;2;jaboatao;2;16;3;3000;1;4;2;3;1;5;4;33;0;8;0;8;39
428;lindu;22;2;jaboatao;2;16;2;1340;1;2;1;4;3;4;5;22;0;10;0;10;27
429;lindu;61;1;recife;2;16;3;4000;3;4;3;3;3;4;3;11;0;7;0;7;14
430;lindu;36;1;recife;2;16;6;4000;1;4;1;1;3;4;5;62;1;66;1;8;66
431;lindu;39;2;recife;2;20;6;2200;3;4;1;4;3;4;3;22;1;40;0;5;40
432;lindu;61;2;recife;1;16;3;1497;0;7;8;5;5;5;3;15;0;15;0;15;19
433;lindu;28;2;olinda;1;20;2;2000;0;2;5;4;4;5;4;26;1;50;1;5;50
434;lindu;37;1;jaboatao;1;20;1;998;0;3;1;3;4;3;4;37;0;27;0;27;43
435;lindu;37;2;recife;2;20;2;4000;2;4;1;2;2;5;3;28;1;46;0;5;46
436;lindu;42;2;recife;2;20;1;6000;2;4;1;4;4;3;4;55;0;17;1;17;62
437;lindu;75;2;recife;4;20;3;5000;0;4;1;3;4;5;5;44;1;48;0;7;48
438;lindu;29;2;recife;1;20;2;1000;2;4;3;4;3;4;4;52;1;54;1;7;54
439;lindu;27;2;jaboatao;1;16;4;998;1;7;8;3;4;5;3;40;1;54;1;6;54
440;lindu;31;1;jaboatao;2;20;2;7000;2;4;2;4;4;5;5;55;0;2;1;2;62
441;lindu;37;1;recife;1;19;6;3200;1;4;1;3;2;3;4;62;1;64;1;8;64
442;lindu;43;2;recife;3;22;1;3000;2;4;1;1;1;5;4;11;0;1;1;1;14
443;lindu;30;1;recife;2;20;2;8000;3;2;17;5;5;5;3;27;1;29;0;5;29
444;lindu;32;2;jaboatao;2;20;3;2000;1;4;3;5;3;5;5;69;0;52;0;52;77
445;lindu;39;1;recife;2;16;1;5000;2;4;8;4;3;5;3;66;1;68;1;8;68
446;lindu;19;2;recife;1;17;5;200;0;3;4;4;3;4;4;11;0;2;0;2;14
447;lindu;36;1;jaboatao;2;20;6;15000;5;4;4;4;3;3;4;31;1;56;1;6;56
448;lindu;41;1;recife;2;22;1;10000;3;4;1;3;3;4;2;49;1;55;1;7;55
449;lindu;74;2;recife;2;20;3;3000;0;4;4;4;4;5;5;41;1;46;0;6;46
450;caiara;19;1;recife;1;2;5;600;0;2;3;3;4;4;3;16;0;9;0;9;20
451;caiara;23;2;recife;1;22;1;2100;0;3;10;4;5;3;3;3;1;37;0;2;37
452;caiara;40;2;recife;2;20;1;4500;1;2;3;3;3;3;4;13;0;13;1;13;17
453;caiara;19;2;recife;1;16;0;200;0;3;8;4;3;3;4;13;0;6;0;6;17
454;caiara;30;1;recife;;20;6;3000;2;4;4;4;5;4;3;45;0;34;0;34;52
455;caiara;27;2;olinda;;22;2;3000;1;2;1;4;4;4;4;25;0;7;1;7;30
456;caiara;40;1;recife;3;26;1;7500;2;3;5;4;5;4;4;34;1;61;1;6;61
457;caiara;25;1;recife;1;20;0;300;0;2;2;4;5;3;4;54;0;50;1;50;61
458;caiara;20;2;recife;1;16;6;800;0;7;6;4;4;4;3;18;0;13;0;13;22
459;caiara;37;1;recife;1;12;6;1200;4;7;15;4;3;3;4;63;0;60;0;60;71
460;caiara;22;1;moreno;1;16;2;1500;0;2;1;4;4;4;4;3;1;12;0;2;12
461;caiara;24;1;moreno;1;16;1;1200;0;2;1;4;3;3;5;23;0;10;1;10;28
462;caiara;22;1;moreno;1;16;0;;0;2;1;2;5;4;3;49;0;26;0;26;56
463;caiara;60;1;recife;2;2;2;3800;0;3;6;4;4;4;4;48;0;6;1;6;55
464;caiara;58;1;recife;;20;1;3800;0;3;6;4;4;4;4;34;0;33;0;33;40
465;caiara;34;1;recife;2;20;6;2100;1;3;6;4;3;2;3;61;0;9;1;9;69
466;caiara;49;1;recife;3;16;0;;0;6;4;4;4;4;4;39;0;18;0;18;45
467;caiara;40;2;recife;1;19;1;2200;0;6;4;3;4;3;4;31;0;28;0;28;37
468;caiara;70;1;recife;4;1;3;1800;0;3;3;4;5;4;5;58;0;45;0;45;66
469;caiara;19;2;recife;4;16;5;200;0;1;5;4;3;3;3;22;0;10;1;10;27
470;caiara;30;2;recife;1;9;6;1100;0;7;6;3;4;4;4;44;0;40;0;40;51
471;caiara;40;1;recife;3;20;2;3000;2;3;10;4;5;5;4;60;0;53;0;53;68
472;caiara;19;1;recife;1;16;5;;0;3;10;4;5;5;4;14;0;10;1;10;18
473;caiara;41;2;recife;2;20;1;2700;4;4;3;3;4;4;4;16;1;44;1;4;44
474;caiara;22;1;recife;1;4;5;1000;0;7;2;4;4;4;4;53;1;54;1;7;54
475;caiara;22;1;recife;1;4;5;1000;0;7;3;2;3;3;3;58;0;35;0;35;66
476;caiara;33;1;recife;2;22;2;4900;1;4;2;4;4;4;4;30;0;20;1;20;35
477;caiara;31;2;recife;2;20;4;;1;4;2;3;4;4;4;62;0;34;0;34;70
478;caiara;27;2;recife;1;6;5;900;0;3;6;3;4;4;4;27;0;10;1;10;32
479;caiara;39;2;recife;2;20;7;1700;3;7;1;4;4;4;4;51;0;29;0;29;58
480;caiara;26;1;recife;1;20;2;3000;0;2;5;3;4;4;4;61;0;10;1;10;69
481;caiara;27;1;recife;1;20;2;1800;2;3;8;3;3;3;4;28;0;27;0;27;33
482;caiara;30;2;recife;2;3;0;;1;7;1;4;4;4;4;52;0;42;0;42;59
483;caiara;18;1;recife;1;8;6;600;0;3;5;3;2;3;3;9;1;13;1;3;13
484;caiara;30;1;recife;2;12;2;1200;2;2;4;3;4;4;3;27;0;27;1;27;32
485;caiara;19;1;recife;;16;0;;1;4;2;4;4;4;4;15;1;27;0;4;27
486;caiara;24;1;recife;2;15;1;1100;2;2;5;3;3;3;2;5;1;42;0;2;42
487;caiara;39;1;recife;4;20;2;3000;3;4;2;2;3;3;3;14;0;1;1;1;18
488;caiara;40;1;recife;1;22;2;5000;2;3;8;4;5;4;4;17;1;39;0;4;39
489;caiara;60;2;recife;2;9;2;2500;0;4;2;2;3;3;3;39;0;29;0;29;45
490;caiara;53;1;recife;2;20;2;4000;1;4;2;3;3;3;3;21;0;18;0;18;26
491;caiara;35;1;recife;2;16;2;1700;3;4;2;3;4;4;4;12;1;51;0;3;51
492;caiara;37;2;recife;2;2;0;1700;3;4;2;4;5;4;4;70;0;30;0;30;78
493;caiara;21;2;recife;1;16;2;1200;0;7;2;2;3;3;4;11;1;18;1;3;18
494;caiara;14;1;recife;1;16;0;150;0;7;2;2;4;4;3;29;0;29;0;29;34
495;caiara;22;1;recife;1;16;2;900;0;7;3;2;3;3;3;8;1;50;0;3;50
496;caiara;19;1;recife;1;16;5;100;0;7;2;2;4;4;4;51;0;36;0;36;58
497;caiara;22;2;recife;1;1;5;100;0;7;2;2;4;4;3;23;0;11;0;11;28
498;caiara;60;1;recife;4;11;3;1300;0;3;6;2;4;4;4;39;0;18;0;18;45
499;caiara;22;2;recife;1;1;5;300;0;2;5;3;4;4;4;34;0;2;1;2;40
500;caiara;43;2;recife;2;20;7;998;0;3;8;3;4;2;2;16;0;9;0;9;20
501;caiara;19;1;recife;1;16;6;500;0;3;3;3;4;4;4;45;0;45;0;45;52
502;caiara;27;1;recife;1;20;5;;0;3;1;3;4;2;3;25;0;7;0;7;30
503;caiara;37;2;recife;1;16;4;1200;2;2;30;5;5;4;3;34;1;61;0;6;61
504;caiara;22;1;santo andre;2;20;5;;1;2;3;3;5;4;3;54;1;61;1;7;61
505;caiara;47;1;recife;1;20;6;998;1;3;3;4;5;2;2;18;1;51;0;4;51
506;caiara;38;1;recife;2;20;6;998;1;3;4;3;5;1;1;63;0;63;0;63;71
507;caiara;21;1;recife;1;16;5;600;0;3;3;3;4;4;4;3;1;37;0;2;37
508;caiara;23;1;recife;1;20;5;750;0;3;4;3;5;5;3;13;0;2;1;2;17
509;caiara;26;1;recife;1;16;0;700;0;3;3;3;4;5;3;13;1;55;0;4;55
510;macaxeira;45;1;recife;1;15;7;1500;1;3;1;3;5;3;1;48;1;50;1;7;50
511;macaxeira;40;2;recife;0;13;3;988;2;2;4;4;5;5;2;21;0;16;0;0;26
512;macaxeira;39;2;camaragibe;0;15;5;988;2;3;3;5;5;4;1;54;0;24;1;24;61
513;macaxeira;15;2;recife;0;12;6;0;0;3;1;3;5;3;1;26;0;26;1;26;31
514;macaxeira;26;1;recife;0;19;2;3000;0;3;2;4;5;3;1;27;1;45;1;5;45
515;macaxeira;24;1;recife;0;17;6;1500;0;3;2;1;5;4;1;56;1;58;1;7;58
516;macaxeira;25;2;recife;0;17;2;2000;0;3;1;4;5;4;2;9;1;16;1;3;16
517;macaxeira;33;1;recife;0;19;3;2000;1;3;3;4;5;5;1;53;0;44;1;44;60
518;macaxeira;41;2;recife;1;12;5;1500;2;3;2;4;4;3;1;33;1;38;1;6;38
519;macaxeira;22;1;paulista;0;17;7;1700;0;3;5;4;5;5;1;23;1;48;1;5;48
520;macaxeira;24;1;recife;0;15;3;1600;0;3;5;4;5;5;1;41;0;35;0;0;47
521;macaxeira;22;2;recife;0;15;5;988;1;2;4;4;5;5;1;33;0;27;0;0;39
522;macaxeira;25;1;recife;0;15;1;1200;0;3;4;3;5;3;1;13;1;17;1;4;17
523;macaxeira;49;2;recife;0;19;5;1100;1;3;1;3;5;4;1;25;0;20;0;0;30
524;macaxeira;20;2;recife;0;15;6;0;0;4;4;4;5;4;1;28;0;7;1;7;33
525;macaxeira;27;2;recife;1;15;7;1200;1;3;2;3;4;3;2;20;0;10;1;10;24
526;macaxeira;39;2;recife;1;14;7;400;0;3;1;5;5;4;1;21;0;20;1;20;26
527;macaxeira;42;2;recife;0;21;2;1800;0;2;4;3;5;4;1;6;1;20;1;2;20
528;macaxeira;45;2;recife;0;17;2;988;1;3;2;4;4;3;1;3;1;11;1;2;11
529;macaxeira;25;1;recife;1;17;6;800;0;3;1;4;5;2;1;55;0;48;0;0;62
530;macaxeira;23;2;recife;0;15;7;500;0;2;2;4;4;4;1;11;0;9;1;9;14
531;macaxeira;52;1;recife;0;6;7;800;2;3;4;4;4;5;1;39;1;57;1;6;57
532;macaxeira;22;2;recife;1;17;2;988;0;3;2;4;5;1;1;40;0;16;1;16;46
533;macaxeira;36;1;recife;0;13;3;988;1;3;3;4;4;4;1;28;0;21;1;21;33
534;macaxeira;23;1;recife;0;17;6;500;0;3;2;5;5;5;1;31;0;7;1;7;37
535;macaxeira;61;1;recife;1;17;7;5000;1;3;2;3;4;1;1;14;1;55;1;4;55
536;macaxeira;53;2;recife;1;15;5;988;1;3;1;3;5;5;2;18;0;6;1;6;22
537;macaxeira;27;1;recife;1;14;3;1600;0;3;2;5;5;4;1;5;1;35;1;2;35
538;macaxeira;30;1;recife;0;13;3;988;1;3;1;4;4;4;1;43;0;36;0;0;50
539;macaxeira;58;1;recife;1;15;7;4500;1;4;1;4;5;3;1;20;1;33;1;4;33
540;macaxeira;21;1;recife;0;15;6;300;0;2;1;4;4;3;1;28;1;39;1;5;39
541;macaxeira;42;2;recife;0;15;2;2000;0;3;3;4;4;2;2;2;1;31;1;1;31
542;macaxeira;46;2;recife;1;15;5;0;2;3;2;4;5;5;1;44;0;37;0;0;51
543;macaxeira;40;1;recife;1;12;3;1300;2;2;3;5;4;5;1;13;0;8;1;8;17
544;macaxeira;64;2;recife;1;8;4;998;2;2;3;3;5;4;1;33;0;27;0;0;39
545;macaxeira;68;1;recife;1;5;4;998;0;4;3;3;4;5;1;50;0;43;0;0;57
546;macaxeira;26;1;recife;0;19;3;1050;0;2;5;3;4;1;2;11;0;8;0;0;14
547;macaxeira;43;1;recife;1;15;3;1500;4;2;3;5;5;4;1;51;0;20;1;20;58
548;macaxeira;20;1;recife;0;19;6;0;0;3;1;3;4;3;1;6;1;46;1;2;46
549;macaxeira;42;1;recife;1;15;2;1000;3;4;4;4;4;2;1;43;1;8;1;7;8
550;macaxeira;46;2;recife;0;14;7;600;2;3;1;3;5;3;2;33;0;27;0;0;39
551;macaxeira;49;2;abreu e Lima;1;11;5;500;0;2;6;4;4;3;1;17;0;13;0;0;21
552;macaxeira;59;1;recife;1;14;3;2000;0;3;1;4;5;5;1;6;1;10;1;2;10
553;macaxeira;27;1;recife;0;15;7;1900;0;3;2;3;5;3;1;27;1;37;1;5;37
554;macaxeira;34;1;recife;1;15;3;1500;2;4;2;3;5;2;1;56;1;23;1;7;23
555;macaxeira;35;2;recife;1;15;1;998;0;3;3;3;4;4;1;42;0;36;0;0;48
556;macaxeira;38;2;recife;0;19;5;1200;5;3;1;4;5;5;1;18;0;14;0;0;22
557;macaxeira;60;2;recife;0;12;4;998;0;4;3;5;4;3;1;7;0;4;0;0;10
558;macaxeira;71;2;recife;1;9;5;1000;1;3;1;4;5;2;1;30;0;25;0;0;35
559;macaxeira;24;2;recife;1;15;1;0;1;3;1;3;5;3;1;26;1;8;1;5;8
560;macaxeira;33;1;recife;1;17;3;3000;1;2;4;4;5;3;1;24;1;27;1;5;27
561;macaxeira;35;2;recife;0;15;3;998;2;3;1;3;5;4;1;36;0;30;0;0;42
562;macaxeira;40;2;recife;1;19;1;0;0;4;4;3;5;2;1;32;1;8;1;6;8
563;macaxeira;42;1;recife;1;15;2;5988;3;3;4;4;5;2;1;36;1;26;1;6;26
564;macaxeira;49;2;recife;1;9;5;0;0;3;2;3;5;3;1;47;1;28;1;7;28
565;macaxeira;60;2;recife;1;12;3;2000;1;3;1;4;4;3;1;46;1;50;1;7;50
566;macaxeira;35;1;recife;1;15;7;1100;2;2;2;5;5;2;1;28;1;56;1;5;56
567;macaxeira;36;2;recife;1;15;1;0;0;3;1;5;5;3;1;40;0;31;1;31;46
568;macaxeira;36;1;recife;0;15;1;0;0;3;1;4;5;3;2;47;1;31;1;7;31
569;macaxeira;60;2;recife;0;15;7;3000;0;3;1;3;4;3;2;7;1;26;1;3;26
570;macaxeira;34;1;recife;0;15;2;2000;0;2;2;4;3;3;1;51;0;44;0;0;58
571;macaxeira;30;2;recife;1;15;5;0;2;4;2;4;5;3;1;39;1;31;1;6;31
572;macaxeira;32;2;recife;1;15;5;0;1;4;2;4;5;3;1;38;1;8;1;6;8
573;macaxeira;40;1;recife;1;12;3;1000;3;2;2;4;4;3;1;48;1;22;1;7;22
574;macaxeira;36;1;recife;0;15;7;1800;1;3;2;3;5;2;2;38;0;32;0;0;44
575;macaxeira;22;1;recife;0;15;6;0;0;3;1;3;5;2;1;30;0;25;0;0;35
576;macaxeira;46;1;recife;0;15;7;1500;1;4;3;5;4;4;1;7;1;16;1;3;16
577;macaxeira;18;2;recife;0;12;6;0;0;2;6;4;5;4;1;46;1;28;1;7;28
578;macaxeira;28;1;recife;0;19;7;1500;0;3;2;3;5;3;2;55;1;22;1;7;22
579;macaxeira;26;1;recife;0;15;3;1000;0;3;2;2;3;4;1;10;1;28;1;3;28
580;macaxeira;56;1;jaboatao;0;15;4;6000;2;2;6;3;4;4;1;43;1;10;1;7;10
581;macaxeira;22;2;recife;0;17;3;1050;0;3;4;4;5;4;1;41;0;35;0;0;47
582;macaxeira;59;1;recife;0;12;4;3000;4;3;2;4;4;5;1;58;1;9;1;8;9
583;macaxeira;19;2;recife;0;15;7;1000;1;4;6;5;5;5;1;26;0;21;0;0;31
584;macaxeira;27;1;recife;0;15;1;0;1;3;1;4;5;4;1;28;1;59;1;5;59
585;macaxeira;78;1;olinda;1;17;7;3000;3;2;4;2;4;4;1;50;0;43;0;0;57
586;macaxeira;24;1;recife;0;15;1;1000;0;2;4;4;4;2;1;56;0;49;0;0;63
587;macaxeira;42;2;recife;0;15;7;0;2;3;1;3;4;3;1;31;0;25;0;0;37
588;macaxeira;35;1;recife;1;0;3;1500;2;2;2;5;4;5;1;31;0;25;0;0;37
589;macaxeira;23;2;recife;0;17;6;400;0;2;2;4;5;2;1;26;1;20;1;5;20
590;macaxeira;30;2;recife;0;15;1;0;0;2;3;5;4;3;1;19;1;34;1;4;34
591;macaxeira;24;1;recife;0;15;3;1000;0;2;2;4;3;3;1;41;1;43;1;6;43
592;macaxeira;26;1;recife;0;15;1;0;0;2;2;4;5;3;1;56;1;24;1;7;24
593;macaxeira;30;1;recife;0;15;3;1500;1;3;3;5;5;5;1;11;1;37;1;3;37
594;macaxeira;25;2;recife;1;15;5;0;1;4;2;5;4;4;1;39;1;12;1;6;12
595;macaxeira;40;1;recife;1;0;3;1000;2;3;3;5;5;4;1;12;1;47;1;3;47
596;macaxeira;29;2;recife;1;17;3;2000;1;3;2;5;5;4;1;13;1;20;1;4;20
597;macaxeira;30;2;recife;0;15;5;0;2;2;2;4;5;4;1;23;0;18;0;0;28
598;macaxeira;28;2;recife;0;15;1;0;0;2;4;5;4;4;1;12;1;28;1;3;28
599;macaxeira;42;1;recife;0;15;2;2000;0;3;6;5;4;3;1;17;0;13;0;0;21
600;macaxeira;25;1;recife;0;15;6;1000;0;2;4;5;4;3;1;57;0;49;0;0;65
601;macaxeira;20;2;recife;0;15;1;0;1;2;2;5;4;4;1;51;1;45;1;7;45
602;macaxeira;30;1;recife;1;0;3;1000;0;2;2;4;4;5;1;38;0;32;0;0;44
603;macaxeira;45;1;recife;1;15;3;1500;2;3;2;5;5;;1;30;0;25;0;0;35
604;macaxeira;32;2;recife;0;15;5;400;1;2;3;4;5;4;1;25;1;30;1;5;30
605;macaxeira;26;2;recife;1;17;3;1800;2;3;2;4;5;1;1;51;1;18;1;7;18
606;macaxeira;35;2;recife;0;19;3;2500;2;3;3;3;4;1;1;52;0;45;0;0;59
607;macaxeira;35;1;recife;0;0;7;1000;3;2;2;4;5;3;1;7;1;11;1;3;11
608;macaxeira;38;2;recife;0;15;2;1500;1;2;3;5;4;2;2;42;0;36;0;0;48
609;macaxeira;51;1;recife;0;15;1;1000;0;3;1;5;3;3;1;46;1;36;1;7;36
610;macaxeira;21;2;recife;0;17;6;0;0;120;2;3;5;5;5;15;1;19;1;4;19
611;macaxeira;33;1;recife;0;15;3;1500;0;2;2;4;5;5;1;39;0;33;0;0;45
612;macaxeira;50;1;recife;1;15;3;2000;3;2;2;4;4;4;1;52;1;22;1;7;22
613;macaxeira;19;2;recife;0;14;6;0;0;3;1;4;5;2;1;48;0;41;0;0;55
614;macaxeira;23;1;recife;0;15;1;0;0;2;3;3;4;1;2;22;0;17;0;0;27
615;macaxeira;48;2;recife;1;0;1;0;1;2;2;4;4;4;1;17;0;13;0;0;21
616;macaxeira;38;2;recife;0;15;8;1000;3;3;1;5;4;2;2;25;1;33;1;5;33
617;macaxeira;53;1;recife;1;15;3;2000;3;3;2;5;5;3;2;16;1;20;1;4;20
618;macaxeira;20;1;recife;0;15;1;500;0;2;3;5;5;5;1;42;1;52;1;6;52
619;macaxeira;18;1;recife;0;15;1;0;0;3;1;3;4;1;1;22;1;37;1;5;37
620;macaxeira;24;2;camaragibe;0;17;6;700;0;3;2;5;5;2;2;28;0;16;1;16;33
621;macaxeira;29;1;camaragibe;1;19;3;2500;1;2;4;4;5;2;1;10;1;23;1;3;23
622;macaxeira;31;1;recife;0;12;3;1000;2;3;1;4;5;3;2;7;1;14;1;3;14
623;macaxeira;19;1;recife;0;15;1;0;0;3;1;5;5;3;1;44;1;6;1;7;6
624;macaxeira;22;2;recife;1;15;5;0;0;3;1;5;5;2;1;16;0;9;1;9;20
625;macaxeira;27;1;recife;1;14;3;1800;1;3;1;3;5;3;1;58;1;6;1;8;6
626;macaxeira;21;2;recife;0;15;3;1500;0;2;1;5;5;2;1;7;1;8;1;3;8
627;macaxeira;52;2;recife;1;12;7;2300;2;3;1;4;4;1;1;14;1;14;1;4;14
628;macaxeira;25;1;recife;0;15;3;1200;0;3;1;4;4;1;1;30;1;15;1;5;15
629;macaxeira;46;1;recife;1;19;2;2500;2;3;2;4;4;2;1;20;1;13;1;4;13
630;macaxeira;57;1;recife;1;9;2;2500;3;4;3;3;4;2;2;20;0;16;0;0;24
631;macaxeira;47;1;recife;1;19;3;3000;3;4;3;4;4;2;1;45;0;20;1;20;52
632;macaxeira;31;2;recife;0;14;3;1000;2;3;2;5;5;3;1;20;0;16;0;0;24
633;macaxeira;36;1;recife;1;19;2;3500;2;4;4;5;5;4;1;24;0;19;0;0;29
634;macaxeira;63;1;recife;1;9;7;3000;4;4;4;3;5;3;1;37;0;31;0;0;43
635;macaxeira;37;2;recife;0;14;8;1200;1;3;2;5;5;1;1;12;0;9;0;0;15
636;macaxeira;29;2;recife;1;19;3;1800;2;4;4;4;4;1;1;41;0;35;0;0;47
637;macaxeira;33;1;recife;1;19;3;2500;2;4;4;5;4;1;1;30;1;12;1;5;12
638;macaxeira;19;1;recife;0;15;1;0;0;3;1;5;5;3;1;17;0;5;1;5;21
639;macaxeira;22;1;recife;0;17;3;1000;0;3;2;3;5;2;1;29;0;19;1;19;34
640;macaxeira;26;2;recife;1;12;1;0;0;3;2;3;4;3;1;22;0;17;0;0;27
641;macaxeira;20;1;recife;0;15;1;0;0;3;1;5;5;4;1;42;0;14;1;14;48
642;macaxeira;22;2;recife;0;14;6;0;0;3;1;4;5;2;1;42;0;36;0;0;48
643;macaxeira;32;2;recife;1;19;3;1500;3;3;1;4;5;1;1;41;1;24;1;6;24
644;macaxeira;28;1;recife;1;15;3;2000;3;3;1;4;5;2;1;30;1;13;1;5;13
645;macaxeira;25;2;recife;0;15;8;800;1;3;1;4;5;2;1;49;0;42;0;0;56
646;macaxeira;38;2;recife;0;14;3;1200;2;3;1;3;4;2;1;33;0;27;0;0;39
647;macaxeira;34;1;recife;1;19;3;1700;1;3;1;4;4;1;1;46;1;7;1;7;7
648;macaxeira;49;1;recife;1;19;2;3000;3;3;1;3;4;2;1;49;1;7;1;7;7
649;macaxeira;21;1;camaragibe;1;15;7;998;1;7;1;3;5;2;1;8;0;5;0;0;11
650;macaxeira;37;2;recife;0;9;2;2300;0;3;2;3;4;1;1;33;1;12;1;6;12
651;macaxeira;53;2;recife;0;5;4;998;3;3;1;5;4;2;1;14;0;7;1;7;18
652;macaxeira;34;1;recife;0;15;1;0;0;7;2;4;5;1;1;17;0;5;1;5;21
653;macaxeira;32;1;recife;1;19;2;3400;0;3;1;4;4;1;2;33;0;27;0;0;39
654;macaxeira;31;2;recife;1;15;1;0;0;2;3;3;5;4;1;28;0;23;0;0;33
655;jaqueira;22;1;recife;1;15;1;0;0;6;1;4;5;5;1;10;1;20;1;3;20
656;jaqueira;80;2;recife;1;19;7;998;0;3;1;3;4;4;1;42;0;36;0;36;48
657;jaqueira;18;2;recife;1;15;6;0;0;3;4;5;5;4;1;51;0;4;0;4;58
658;jaqueira;29;1;recife;1;19;7;1200;0;3;2;4;4;4;1;19;1;45;1;4;45
659;jaqueira;23;2;recife;1;19;6;0;0;3;3;4;5;5;0;10;1;30;1;3;30
660;jaqueira;17;1;recife;1;11;6;0;0;6;2;5;4;4;1;40;0;36;1;36;46
661;jaqueira;16;1;recife;2;10;6;0;0;7;1;5;5;4;1;48;0;19;0;19;55
662;jaqueira;56;1;escada;2;19;2;10000;1;3;3;4;3;4;1;23;1;48;1;5;48
663;jaqueira;45;2;recife;2;19;1;4500;2;4;5;5;5;0;2;47;1;52;1;7;52
664;jaqueira;49;2;recife;2;19;1;1900;2;2;4;4;5;4;1;32;0;0;0;0;38
665;jaqueira;37;1;recife;2;17;6;4000;1;4;4;3;3;4;2;54;1;58;1;7;58
666;jaqueira;44;2;recife;2;19;6;4000;2;4;4;4;4;4;1;18;1;20;1;4;20
667;jaqueira;36;1;recife;2;26;1;0;2;4;5;4;4;4;2;19;0;14;0;14;23
668;jaqueira;43;2;recife;0;19;1;9000;2;4;5;4;3;3;1;16;1;30;1;4;30
669;jaqueira;61;2;recife;2;19;6;998;0;7;2;4;4;5;1;42;0;26;0;26;48
670;jaqueira;66;2;olinda;1;19;3;2000;0;3;2;4;4;4;1;51;0;4;0;4;58
671;jaqueira;32;1;abreu e Lima;2;19;6;5000;1;4;6;5;5;5;1;18;1;45;1;4;45
672;jaqueira;32;2;abreu e Lima;2;19;3;1500;2;2;6;5;5;5;1;28;0;25;0;25;33
673;jaqueira;35;1;abreu e Lima;2;19;3;2300;1;7;6;4;5;5;1;15;1;46;1;4;46
674;jaqueira;40;2;abreu e Lima;2;19;2;3500;3;4;6;5;5;5;1;54;1;56;1;7;56
675;jaqueira;41;1;recife;0;21;2;3500;4;4;6;4;5;5;1;44;1;46;1;7;46
676;jaqueira;37;1;recife;2;19;7;3000;1;3;4;4;4;4;1;14;0;12;0;12;18
677;jaqueira;64;2;jaboatao;2;8;4;998;0;4;3;5;5;5;2;12;1;44;1;3;44
678;jaqueira;40;1;recife;2;19;7;3000;2;3;3;4;4;4;1;53;0;33;0;33;60
679;jaqueira;17;2;recife;1;13;6;0;0;1;4;4;4;5;1;39;1;57;1;6;57
680;jaqueira;13;2;recife;1;12;6;0;0;2;3;4;0;4;1;14;0;12;1;12;18
681;jaqueira;31;2;recife;1;15;3;700;1;4;6;4;4;4;1;14;0;4;1;4;18
682;jaqueira;18;2;jaboatao;1;15;0;0;0;2;4;3;5;4;1;44;1;58;1;7;58
683;jaqueira;19;2;paulista;1;17;6;1300;0;3;4;5;5;4;1;20;1;21;1;4;21
684;jaqueira;74;1;camaragibe;2;5;4;998;2;2;4;4;4;5;1;14;1;18;1;4;18
685;jaqueira;25;2;recife;0;17;1;0;1;2;5;5;3;4;1;55;1;59;1;7;59
686;jaqueira;58;1;camaragibe;2;19;4;15000;2;3;2;5;3;5;1;19;1;23;1;4;23
687;jaqueira;42;1;recife;1;12;7;2000;4;6;4;4;5;5;1;42;1;57;1;6;57
688;jaqueira;29;1;camaragibe;1;17;7;2000;2;7;5;4;3;4;1;37;0;35;0;35;43
689;jaqueira;26;2;olinda;1;15;1;0;0;4;5;4;4;4;1;26;0;22;0;22;31
690;jaqueira;49;2;recife;1;8;5;0;0;2;5;5;4;3;1;7;1;9;1;3;9
691;jaqueira;72;1;recife;2;19;4;15000;0;3;1;5;5;3;1;23;0;16;0;16;28
692;jaqueira;31;1;recife;1;17;1;0;1;4;4;4;5;5;1;44;1;57;1;7;57
693;jaqueira;39;2;recife;2;19;3;3000;1;3;2;4;5;5;1;55;1;59;1;7;59
694;jaqueira;60;1;recife;2;26;4;15000;0;3;1;4;2;4;1;37;1;49;1;6;49
695;jaqueira;80;2;jaboatao;4;15;4;10000;0;3;2;4;4;5;1;8;1;38;1;3;38
696;jaqueira;56;2;recife;2;15;3;2000;0;4;2;5;5;5;1;40;0;25;1;25;46
697;jaqueira;48;2;recife;2;19;5;4000;0;6;3;4;4;5;1;28;1;40;1;5;40
698;jaqueira;72;1;recife;2;19;4;10000;1;2;1;5;5;5;1;46;0;28;1;28;53
699;jaqueira;22;1;recife;1;19;3;1800;0;3;2;5;3;4;1;33;1;49;1;6;49
700;jaqueira;35;2;recife;2;15;3;998;1;3;2;5;4;0;1;19;1;41;1;4;41
701;jaqueira;52;2;recife;1;15;7;1500;0;6;5;4;5;4;1;18;1;37;1;4;37
702;jaqueira;60;2;recife;1;13;5;0;1;4;2;4;4;5;1;14;1;37;1;4;37
703;jaqueira;26;1;recife;1;17;8;600;0;3;2;3;5;5;1;50;0;47;1;47;57
704;jaqueira;24;1;recife;1;17;3;1996;0;3;2;3;4;4;1;10;1;26;1;3;26
705;jaqueira;48;1;recife;2;15;3;2000;2;6;3;3;4;3;1;36;0;26;1;26;42
706;jaqueira;27;2;recife;1;19;6;2994;0;6;1;5;5;5;1;8;1;10;1;3;10
707;jaqueira;19;1;recife;1;15;0;1996;0;2;4;4;4;4;1;57;0;17;1;17;65
708;jaqueira;16;2;recife;0;14;0;0;0;2;4;4;4;5;1;58;0;17;1;17;66
709;jaqueira;52;2;recife;2;15;2;2495;3;3;2;4;5;5;1;52;1;56;1;7;56
710;jaqueira;18;1;recife;1;15;0;0;0;3;2;4;4;5;1;49;0;42;0;42;56
711;jaqueira;18;1;recife;1;15;0;0;0;3;2;4;5;5;1;22;0;15;0;15;27
712;jaqueira;49;2;recife;1;14;2;1100;0;2;3;5;5;5;1;59;0;45;0;45;67
713;jaqueira;40;1;vitoria de santo antao;2;12;6;998;0;2;2;3;4;4;1;54;0;37;0;37;61
714;jaqueira;44;2;recife;0;8;2;998;0;2;2;5;5;4;1;34;1;60;1;6;60
715;jaqueira;60;1;recife;2;17;3;6000;0;7;3;3;4;3;1;48;0;19;0;19;55
716;jaqueira;75;1;recife;1;19;4;2994;1;2;3;3;4;4;2;10;0;4;0;4;13
717;jaqueira;43;2;recife;3;19;3;5000;1;3;4;3;4;4;1;16;1;17;1;4;17
718;jaqueira;38;2;recife;2;17;1;998;0;2;3;5;4;5;1;21;1;36;1;5;36
719;jaqueira;28;1;recife;1;17;7;3000;0;7;4;4;4;5;1;11;1;26;1;3;26
720;jaqueira;34;2;recife;2;19;2;7500;1;3;3;3;4;4;1;48;1;51;1;7;51
721;jaqueira;62;1;recife;1;9;3;4980;0;2;6;3;4;4;1;34;1;41;1;6;41
722;jaqueira;42;1;recife;0;19;7;3992;3;2;4;5;5;5;1;25;1;46;1;5;46
723;jaqueira;67;2;olinda;4;19;4;3992;0;3;4;4;5;3;1;55;0;41;0;41;62
724;jaqueira;75;2;recife;2;19;2;0;0;2;3;3;4;5;1;11;0;5;1;5;14
725;jaqueira;38;2;sao lourenco;2;15;7;1144;2;4;4;4;5;5;1;12;1;13;1;3;13
726;jaqueira;18;2;recife;1;15;1;0;0;2;6;5;5;5;1;8;1;25;1;3;25
727;jaqueira;19;1;sao lourenco;1;17;3;500;0;6;4;4;5;5;1;49;0;42;0;42;56
728;jaqueira;18;2;recife;1;15;1;0;0;2;6;4;4;5;1;39;0;24;0;24;45
729;jaqueira;31;1;recife;1;19;2;4000;0;3;2;4;4;4;1;53;1;56;1;7;56
730;jaqueira;30;2;recife;0;15;5;0;1;4;5;5;4;5;1;17;1;55;1;4;55
731;jaqueira;35;2;recife;3;15;3;2000;2;4;4;3;4;5;1;39;1;44;1;6;44
732;jaqueira;43;1;recife;2;11;3;1000;3;4;4;3;4;5;1;47;0;33;1;33;54
733;jaqueira;17;2;recife;1;14;6;0;0;2;3;3;4;4;2;25;1;54;1;5;54
734;jaqueira;15;2;recife;1;12;6;50;0;2;4;3;5;5;1;17;1;19;1;4;19
735;jaqueira;37;2;joao pessoa;1;15;5;170;2;4;6;4;4;4;1;28;1;38;1;5;38
736;jaqueira;24;1;jaboatao;1;15;3;1000;0;6;4;4;5;5;1;47;1;58;1;7;58
737;jaqueira;75;2;recife;4;15;4;6000;0;2;4;4;5;5;1;19;1;20;1;4;20
738;jaqueira;66;1;recife;2;19;4;5000;2;3;1;3;4;4;1;52;1;56;1;7;56
739;jaqueira;56;2;recife;1;19;4;6000;0;2;2;4;4;4;1;9;1;21;1;3;21
740;jaqueira;86;2;jaboatao;4;19;4;10000;0;2;4;5;3;5;1;41;0;21;1;21;47
741;jaqueira;22;1;jaboatao;1;15;7;1500;0;3;3;5;5;5;1;8;1;60;1;3;60
742;jaqueira;51;2;jaboatao;1;19;7;1000;0;4;6;4;5;4;1;55;0;10;0;10;62
743;jaqueira;33;1;recife;2;19;7;1200;1;2;5;4;5;4;1;14;0;5;1;5;18
744;jaqueira;26;2;paulista;1;15;1;0;0;2;6;4;5;4;1;36;1;59;1;6;59
745;jaqueira;20;2;recife;1;15;6;750;0;2;5;5;4;3;1;58;1;59;1;8;59
746;jaqueira;48;1;recife;1;15;1;1100;0;3;2;4;4;5;1;41;1;52;1;6;52
747;jaqueira;23;1;recife;1;17;5;1200;0;3;4;4;4;4;1;7;1;58;1;3;58
748;jaqueira;69;2;recife;1;9;4;0;0;2;6;4;4;4;1;21;0;20;1;20;26
749;jaqueira;23;2;recife;1;17;5;0;0;6;2;5;5;5;1;8;1;15;1;3;15
750;jaqueira;46;1;recife;2;15;0;0;2;3;2;4;4;4;1;24;0;11;0;11;29
751;jaqueira;37;2;jaboatao;2;15;2;998;2;6;5;5;4;4;1;32;0;28;0;28;38
752;jaqueira;18;2;recife;1;17;5;0;0;2;6;3;4;5;1;26;1;41;1;5;41
753;jaqueira;22;1;recife;1;15;2;1000;0;2;6;4;5;5;1;25;1;32;1;5;32
754;jaqueira;37;2;recife;1;15;6;1000;4;4;6;4;4;4;1;39;0;25;1;25;45
755;jaqueira;15;1;recife;1;13;5;0;0;2;6;4;4;4;1;12;1;48;0;3;48
756;jaqueira;24;2;recife;2;15;0;0;0;2;6;5;5;5;1;14;1;37;1;4;37
757;jaqueira;31;2;recife;1;15;2;998;1;4;6;5;5;5;1;41;1;47;1;6;47
758;jaqueira;59;2;recife;2;10;4;0;0;3;2;4;4;4;2;46;0;34;0;34;53
759;jaqueira;27;1;recife;1;15;2;1300;0;3;4;4;3;4;1;34;0;18;1;18;40
760;jaqueira;28;1;recife;1;15;2;2200;2;3;2;4;4;4;1;4;1;8;1;2;8
761;jaqueira;43;1;camaragibe;2;15;0;0;0;3;2;3;5;5;1;40;0;26;0;26;46
762;jaqueira;37;1;olinda;2;15;7;1500;2;6;1;3;5;5;1;57;0;42;0;42;65
763;jaqueira;28;2;olinda;1;17;3;1000;1;2;1;4;5;4;1;7;1;50;1;3;50
764;jaqueira;27;2;recife;1;17;3;1000;0;6;1;3;4;4;1;5;1;35;1;2;35
765;jaqueira;42;2;recife;2;15;5;0;3;3;1;4;5;5;1;9;1;21;1;3;21
766;jaqueira;18;1;recife;1;17;6;0;0;3;1;5;4;5;2;41;1;54;1;6;54
767;jaqueira;42;1;recife;2;26;2;10000;2;4;2;4;4;5;1;14;1;32;1;4;32
768;jaqueira;82;2;recife;4;17;4;4000;0;3;3;5;5;4;1;50;1;58;1;7;58
769;jaqueira;37;1;paudalho;2;15;7;1200;1;6;4;5;5;5;1;47;1;59;1;7;59
770;jaqueira;40;2;paudalho;2;15;5;0;2;4;6;4;0;4;1;10;1;11;1;3;11
771;jaqueira;34;2;paudalho;1;17;2;1200;0;2;6;5;4;4;1;55;0;26;0;26;62
772;jaqueira;31;2;recife;1;15;3;500;0;2;6;5;5;5;1;57;0;21;0;21;65
773;jaqueira;31;1;recife;1;19;6;0;0;6;6;5;5;4;1;47;1;52;1;7;52
774;jaqueira;34;2;recife;2;19;3;1996;0;3;1;4;4;4;1;10;1;12;1;3;12
775;jaqueira;31;2;recife;1;19;1;0;0;2;4;3;3;3;1;54;0;34;0;34;61
776;jaqueira;25;1;recife;1;17;3;880;0;7;1;1;4;2;1;25;1;28;1;5;28
777;jaqueira;25;2;recife;1;15;3;998;0;6;1;4;5;3;1;43;1;55;1;7;55
778;jaqueira;55;2;recife;0;8;5;41;4;4;2;4;4;4;1;49;0;32;0;32;56
779;jaqueira;36;1;recife;1;17;3;1800;0;6;1;3;4;4;1;57;0;47;0;47;65
780;jaqueira;33;1;paulista;2;19;3;3200;1;4;4;4;5;4;1;34;1;39;1;6;39
781;jaqueira;18;2;recife;1;17;1;1000;0;2;4;4;5;4;1;5;1;7;1;2;7
782;jaqueira;19;2;recife;1;17;6;998;0;2;3;4;5;5;1;8;1;13;1;3;13
783;jaqueira;26;1;recife;1;21;6;0;0;7;2;4;4;4;1;7;0;6;0;6;10
784;jaqueira;32;1;olinda;2;19;2;6000;1;3;2;4;5;5;1;13;0;12;0;12;17
785;jaqueira;38;1;recife;2;15;3;3800;3;3;1;5;5;5;1;36;1;46;1;6;46
786;jaqueira;25;2;recife;1;19;3;1200;1;7;1;4;4;5;1;10;1;14;1;3;14
787;jaqueira;19;1;recife;1;17;7;2000;0;3;4;5;4;5;1;6;1;25;1;2;25
788;jaqueira;26;1;recife;1;19;7;2500;2;3;2;4;5;5;1;7;1;17;1;3;17
789;jaqueira;41;1;recife;0;19;7;5000;2;3;2;3;5;5;1;43;1;52;1;7;52
790;jaqueira;84;2;olinda;2;19;4;0;0;3;2;3;4;3;1;60;0;59;0;59;68
791;jaqueira;19;1;recife;1;15;3;800;0;2;1;4;4;4;1;4;1;11;1;2;11
792;jaqueira;56;1;recife;3;15;3;1800;2;3;1;4;4;4;1;42;1;47;1;6;47
793;jaqueira;36;2;recife;1;19;2;6200;3;3;2;4;4;5;1;35;0;30;0;30;41
794;jaqueira;19;1;recife;1;15;7;1200;0;3;2;5;5;4;1;12;1;38;1;3;38
795;jaqueira;18;1;recife;1;17;6;0;0;3;2;4;5;5;2;7;1;59;1;3;59
796;jaqueira;28;1;recife;1;15;6;0;0;3;2;3;4;4;1;53;0;29;0;29;60
797;jaqueira;39;1;recife;2;19;2;18000;2;3;4;4;4;5;1;9;1;40;1;3;40
798;jaqueira;19;2;recife;1;17;6;400;0;2;4;3;4;5;1;15;1;24;1;4;24
799;jaqueira;45;1;recife;2;15;1;0;3;4;2;4;5;5;1;24;1;36;1;5;36
800;jaqueira;25;1;recife;1;17;3;800;0;2;1;3;4;2;1;10;1;52;1;3;52
801;jaqueira;25;2;recife;1;15;3;800;0;2;1;4;5;3;1;20;1;43;1;4;43
802;jaqueira;23;2;recife;1;13;1;0;0;2;1;5;4;4;1;44;1;53;1;7;53
803;jaqueira;19;2;recife;1;11;6;0;0;2;5;3;3;5;1;55;0;43;0;43;62
804;jaqueira;43;2;recife;2;10;1;0;0;4;2;4;4;4;1;30;1;32;1;5;32
805;jaqueira;17;2;recife;1;12;1;0;0;2;5;5;4;5;1;41;0;18;0;18;47
806;jaqueira;18;1;recife;1;15;2;850;0;2;5;4;4;5;2;43;0;15;0;15;50
807;jaqueira;56;1;recife;2;14;3;1500;0;4;4;3;4;4;1;47;0;30;0;30;54
808;jaqueira;44;2;recife;1;10;5;0;0;2;4;5;4;5;1;29;1;50;1;5;50
809;jaqueira;31;1;recife;2;15;7;2500;3;2;6;5;0;5;1;13;1;21;1;4;21
810;jaqueira;50;2;recife;2;26;2;0;1;3;2;4;4;5;1;25;1;31;1;5;31
811;jaqueira;27;1;jaboatao;1;15;7;0;0;2;6;4;3;4;1;57;0;44;0;44;65
812;jaqueira;24;2;recife;1;19;3;0;0;2;6;4;4;4;1;29;0;26;0;26;34
813;jaqueira;29;2;recife;1;15;6;0;0;2;4;4;5;5;1;55;0;46;0;46;62
814;jaqueira;32;2;recife;2;15;7;1923;2;4;4;4;4;4;1;28;1;43;1;5;43
815;jaqueira;23;2;camaragibe;2;17;6;0;0;3;4;4;4;4;1;41;0;5;1;5;47
816;jaqueira;37;1;recife;1;10;6;1300;1;2;4;4;5;5;1;47;1;48;1;7;48
817;jaqueira;19;2;recife;1;15;5;100;0;2;6;4;4;5;1;9;1;17;1;3;17
818;jaqueira;18;2;recife;1;14;5;400;0;2;4;4;3;5;1;7;1;8;1;3;8
819;jaqueira;52;2;recife;2;15;6;1100;0;2;3;4;4;4;1;39;0;18;0;18;45
820;jaqueira;42;2;olinda;1;13;2;1500;2;3;1;5;4;4;1;59;0;28;0;28;67
821;jaqueira;50;1;recife;2;9;6;1500;0;2;1;3;4;5;1;53;1;55;1;7;55
822;jaqueira;23;2;olinda;2;15;0;0;0;2;6;3;4;5;1;14;1;18;1;4;18
823;jaqueira;44;1;recife;1;15;1;1996;3;3;2;5;4;5;1;36;1;59;1;6;59
824;jaqueira;42;2;recife;1;14;6;0;0;4;4;4;5;5;2;53;0;49;0;49;60
825;jaqueira;36;2;recife;2;19;1;0;2;4;2;4;4;4;1;12;1;19;1;3;19
826;jaqueira;25;2;recife;2;19;2;3500;0;4;4;3;4;4;1;8;1;15;1;3;15
827;jaqueira;80;1;recife;2;19;2;10000;2;3;2;4;4;5;1;46;1;55;1;7;55
828;jaqueira;57;2;recife;1;13;4;0;2;2;2;4;4;4;2;13;1;22;1;4;22
829;jaqueira;21;2;recife;1;17;2;1300;0;2;4;4;5;5;1;8;1;11;1;3;11
830;jaqueira;43;2;recife;1;15;2;998;0;2;2;5;5;5;1;11;1;18;1;3;18
831;jaqueira;20;2;recife;1;15;3;500;0;2;4;4;4;5;1;41;1;58;1;6;58
832;jaqueira;18;2;recife;1;15;6;100;0;2;4;4;4;4;1;58;1;59;1;8;59
833;jaqueira;18;1;olinda;1;15;1;400;0;3;4;4;5;5;1;13;1;29;1;4;29
834;jaqueira;26;2;recife;1;19;3;1000;0;2;5;5;5;5;1;39;1;51;1;6;51
835;jaqueira;27;1;recife;0;19;3;998;0;2;6;4;4;4;1;24;1;58;1;5;58
836;jaqueira;38;2;recife;1;15;7;998;2;3;2;4;4;5;1;48;0;10;0;10;55
837;jaqueira;21;1;recife;0;15;7;600;0;3;2;4;4;4;1;5;1;12;1;2;12
838;jaqueira;36;2;recife;2;26;2;10000;0;3;2;4;4;4;2;40;1;44;1;6;44
839;jaqueira;37;2;olinda;0;19;2;2000;2;3;3;4;4;4;1;40;0;37;0;37;46
840;jaqueira;34;1;olinda;2;19;2;4500;2;4;4;4;3;4;2;37;1;40;1;6;40
841;jaqueira;30;2;jaboatao;2;15;5;5000;1;4;4;4;4;4;2;30;1;32;1;5;32
842;jaqueira;50;1;recife;2;15;7;200;0;2;2;5;5;5;1;18;1;57;1;4;57
843;jaqueira;27;1;recife;1;19;2;5000;0;3;2;4;4;4;1;5;1;7;1;2;7
844;jaqueira;20;2;recife;1;17;6;1996;0;2;5;4;5;5;1;5;1;21;1;2;21
845;jaqueira;25;1;olinda;1;17;6;2000;0;2;5;5;5;5;1;16;1;45;1;4;45
846;jaqueira;30;2;recife;0;15;5;1000;1;2;6;4;5;4;1;9;1;11;1;3;11
847;jaqueira;34;2;recife;2;19;3;1900;1;4;4;4;4;4;1;35;1;38;1;6;38
848;jaqueira;35;1;recife;2;17;3;1600;3;4;4;4;4;4;1;19;1;21;1;4;21
849;jaqueira;49;2;recife;0;19;3;4000;2;3;2;3;4;4;2;37;0;10;0;10;43
850;jaqueira;43;2;recife;2;19;3;4000;3;3;2;4;4;4;2;48;0;36;0;36;55
851;jaqueira;51;1;recife;2;15;7;2000;0;2;2;4;3;4;1;25;1;33;1;5;33
852;jaqueira;60;2;recife;2;19;4;15000;1;4;6;2;5;4;1;11;1;36;1;3;36
853;jaqueira;49;2;recife;2;15;5;0;0;5;6;1;4;4;1;57;0;41;0;41;65
854;jaqueira;64;2;recife;3;19;4;998;0;4;4;1;4;2;2;57;0;52;0;52;65
855;santana;26;2;recife;1;19;2;2900;0;2;3;5;4;4;1;33;0;27;0;27;39
856;santana;39;2;paulista;2;19;2;2000;0;2;3;4;4;4;1;21;0;17;0;17;26
857;santana;20;2;recife;1;15;1;0;0;3;1;4;5;4;1;41;0;39;0;39;47
858;santana;21;2;recife;1;17;6;0;0;3;2;4;5;4;1;26;0;14;0;14;31
859;santana;82;2;paulista;4;9;4;1500;0;2;2;5;5;5;1;51;0;42;0;42;58
860;santana;48;1;recife;2;19;3;4990;2;2;3;4;5;5;1;18;1;20;1;4;20
861;santana;43;2;recife;3;19;2;14000;1;3;3;3;4;3;1;34;1;57;1;6;57
862;santana;44;1;recife;3;19;2;26000;2;3;4;3;4;4;1;47;1;50;1;7;50
863;santana;53;1;recife;1;12;1;0;0;2;2;5;5;5;1;9;0;4;1;4;12
864;santana;32;1;recife;2;19;3;12000;2;4;4;4;4;5;1;35;1;59;1;6;59
865;santana;55;1;recife;2;19;2;10000;4;3;1;4;4;5;1;28;1;51;0;5;51
866;santana;39;2;recife;1;19;3;3000;1;2;5;5;5;5;1;53;0;50;0;50;60
867;santana;53;2;recife;1;12;1;0;1;2;4;5;5;5;1;11;0;8;0;8;14
868;santana;29;2;recife;2;19;7;3500;1;3;2;3;5;3;1;36;0;21;0;21;42
869;santana;20;2;recife;1;15;6;500;0;2;6;4;4;5;1;12;1;38;1;3;38
870;santana;32;2;recife;2;19;3;5000;1;2;3;4;5;5;1;11;1;32;1;3;32
871;santana;70;2;recife;1;19;4;2000;0;2;1;4;5;5;1;14;0;9;0;9;18
872;santana;56;2;recife;2;26;2;11000;2;3;2;4;4;3;1;54;1;59;1;7;59
873;santana;40;2;recife;2;15;7;1200;2;3;4;5;3;5;1;20;1;22;1;4;22
874;santana;22;2;recife;1;17;6;0;0;3;4;4;4;4;1;24;1;31;0;5;31
875;santana;34;1;recife;1;19;7;3000;0;3;3;5;5;5;1;20;1;49;1;4;49
876;santana;44;2;recife;1;13;7;1200;0;4;4;4;5;5;1;26;1;39;1;5;39
877;santana;21;2;recife;1;19;3;1500;0;7;5;4;5;4;1;56;0;50;1;50;63
878;santana;24;2;recife;2;15;3;1300;1;3;4;4;4;4;1;8;1;51;1;3;51
879;santana;48;1;recife;2;7;3;1500;1;3;3;4;4;4;1;59;0;25;1;25;67
880;santana;55;1;recife;3;19;7;0;0;3;2;4;4;4;1;17;0;16;0;16;21
881;santana;71;1;recife;2;19;4;1996;2;3;2;5;4;5;1;5;1;40;1;2;40
882;santana;59;1;recife;2;19;7;0;0;3;2;3;4;4;2;13;1;39;1;4;39
883;santana;56;2;recife;2;19;7;6000;1;3;2;3;5;4;2;23;1;29;0;5;29
884;santana;61;2;recife;2;19;4;3000;0;3;3;4;4;3;1;50;1;52;1;7;52
885;santana;58;2;recife;2;7;3;1075;0;3;1;5;5;4;1;35;1;39;1;6;39
886;santana;26;2;recife;1;19;1;0;0;3;5;4;5;4;1;26;0;25;0;25;31
887;santana;41;2;recife;2;21;2;5000;4;4;4;4;5;4;1;51;1;56;1;7;56
888;santana;52;2;recife;2;17;2;0;3;2;3;4;5;5;1;5;1;17;1;2;17
889;santana;38;1;recife;2;19;2;5000;3;4;1;5;5;5;1;14;1;25;1;4;25
890;santana;58;1;recife;2;19;2;3000;3;4;4;4;5;4;1;35;0;18;0;18;41
891;santana;52;2;recife;2;19;2;0;2;3;2;3;4;4;1;11;1;29;1;3;29
892;santana;60;1;recife;2;19;3;0;2;3;4;3;4;4;1;16;1;40;1;4;40
893;santana;40;2;recife;2;19;3;4990;3;4;4;4;5;5;1;26;1;40;1;5;40
894;santana;52;1;recife;2;26;3;6986;2;4;4;4;5;4;1;43;0;16;0;16;50
895;santana;68;1;recife;2;19;4;3269;0;3;1;4;5;4;1;47;1;49;0;7;49
896;santana;50;1;recife;1;10;3;1500;0;3;2;4;4;4;1;40;1;55;1;6;55
897;santana;43;2;recife;1;12;7;400;7;4;3;5;4;4;1;59;1;60;1;8;60
898;santana;35;2;recife;2;15;5;0;1;2;2;5;5;3;1;11;1;42;1;3;42
899;santana;40;1;recife;2;21;2;8500;2;3;2;3;4;2;1;30;1;42;1;5;42
900;santana;38;2;recife;2;19;2;7000;1;2;5;4;4;4;1;40;1;46;1;6;46
901;santana;60;2;recife;2;19;2;4500;0;2;6;4;5;4;1;51;0;36;0;36;58
902;santana;38;1;camaragibe;1;15;2;3500;1;3;3;4;5;4;1;36;1;51;1;6;51
903;santana;30;1;recife;1;15;3;1100;0;3;3;5;5;5;1;11;1;25;1;3;25
904;santana;56;1;recife;2;15;4;5000;3;3;2;5;5;5;1;52;1;58;1;7;58
905;santana;69;1;recife;1;15;7;20000;0;3;1;5;5;5;1;18;1;38;1;4;38
906;santana;57;2;recife;4;26;4;10000;1;3;4;4;5;5;1;26;0;17;0;17;31
907;santana;31;1;recife;1;19;2;3025;1;4;4;5;5;5;1;56;0;45;1;45;63
908;santana;23;2;recife;2;17;6;800;0;2;2;5;4;5;1;9;0;4;1;4;12
909;santana;38;1;recife;1;17;3;1600;0;3;2;5;5;5;1;13;0;10;1;10;17
910;santana;51;2;recife;2;19;2;3500;2;4;4;5;5;5;1;18;0;10;1;10;22
911;santana;24;2;recife;1;17;6;550;0;2;4;3;3;4;1;22;0;13;1;13;27
912;santana;55;1;recife;2;19;3;4000;2;4;2;5;5;5;1;57;1;60;1;8;60
913;santana;76;2;recife;4;8;1;0;0;3;3;4;4;4;1;48;0;37;0;37;55
914;santana;43;2;recife;1;17;1;0;0;2;4;4;5;4;1;19;0;10;1;10;23
915;santana;38;1;recife;1;15;3;1600;0;2;3;5;5;5;1;10;1;12;1;3;12
916;santana;57;1;recife;2;15;2;0;2;3;1;4;4;4;1;9;1;30;0;3;30
917;santana;34;1;recife;2;19;3;0;3;4;4;3;5;5;1;45;1;58;1;7;58
918;santana;16;2;recife;1;13;6;150;0;5;3;5;5;5;1;53;1;54;1;7;54
919;santana;46;1;recife;2;17;3;1400;5;5;3;3;4;4;1;33;0;10;0;10;39
920;santana;13;1;recife;1;12;6;0;0;3;4;5;5;5;1;55;0;50;1;50;62
921;santana;39;2;recife;2;15;5;1400;4;4;4;5;5;5;1;10;1;12;1;3;12
922;santana;17;2;recife;1;13;6;0;0;2;4;5;5;5;1;30;0;9;1;9;35
923;santana;36;2;recife;2;15;5;1500;1;2;4;4;4;4;1;60;0;42;0;42;68
924;santana;28;2;recife;1;15;3;1020;1;2;4;5;5;5;1;29;1;44;0;5;44
925;santana;27;2;recife;1;14;1;600;1;5;3;4;4;4;1;18;1;51;1;4;51
926;santana;31;2;recife;2;17;5;0;2;4;4;5;5;5;1;51;1;53;1;7;53
927;santana;36;2;recife;2;14;5;998;2;2;4;4;5;5;1;11;1;48;0;3;48
928;santana;16;2;recife;1;13;6;0;0;2;4;4;4;4;1;40;0;31;0;31;46
929;santana;44;2;recife;1;15;1;0;2;6;1;3;5;5;1;17;1;55;0;4;55
930;santana;56;2;recife;2;19;7;0;2;3;3;3;4;4;1;37;1;57;0;6;57
931;santana;64;1;recife;1;8;1;1240;1;3;3;4;4;5;1;53;1;60;0;7;60
932;santana;33;1;recife;2;17;2;3600;2;2;1;5;5;5;1;26;1;31;1;5;31
933;santana;58;1;recife;2;15;2;0;2;4;4;4;4;4;1;5;1;23;0;2;23
934;santana;61;2;recife;2;19;4;0;1;4;5;4;4;4;1;37;0;28;0;28;43
935;santana;32;2;recife;1;9;5;120;2;2;1;4;4;4;1;39;1;40;1;6;40
936;santana;28;2;recife;2;19;6;0;2;5;6;4;4;4;1;22;0;17;0;17;27
937;santana;56;2;recife;2;15;3;1996;0;2;3;5;4;4;1;17;1;45;1;4;45
938;santana;60;1;recife;2;19;2;3000;1;3;3;5;4;5;1;17;0;16;0;16;21
939;santana;32;2;recife;2;19;3;4000;2;2;3;4;4;4;1;33;1;53;0;6;53
940;santana;49;2;recife;2;15;3;0;1;2;3;4;4;4;1;49;0;28;1;28;56
941;santana;31;1;recife;2;19;2;0;2;4;2;4;4;4;1;51;1;53;0;7;53
942;santana;28;2;recife;2;15;5;0;3;4;3;4;4;5;1;8;1;48;1;3;48
943;santana;64;1;recife;2;19;2;0;0;6;3;4;4;5;1;51;0;27;0;27;58
944;santana;38;2;recife;2;19;2;0;2;4;3;5;4;5;1;31;1;33;1;6;33
945;santana;61;2;recife;2;19;4;0;0;2;3;5;5;5;1;43;0;4;0;4;50
946;santana;42;2;recife;2;19;3;6000;1;3;1;5;5;5;1;53;0;48;0;48;60
947;santana;29;1;recife;1;17;6;0;0;3;1;5;4;5;1;25;0;17;0;17;30
948;santana;71;1;recife;4;19;4;0;0;2;2;4;4;4;1;32;0;31;0;31;38
949;santana;39;2;recife;2;17;3;0;2;5;3;5;4;4;1;57;0;16;0;16;65
950;santana;18;2;recife;1;15;6;0;0;3;1;4;4;4;1;60;0;48;1;48;68
951;santana;19;1;recife;1;17;6;1000;0;3;1;4;4;4;1;28;1;47;1;5;47
952;santana;24;1;recife;1;17;6;0;0;3;1;4;4;5;1;10;1;57;1;3;57
953;santana;52;2;recife;2;15;7;3000;2;4;3;4;4;4;1;46;0;27;1;27;53
954;santana;62;2;recife;4;12;4;0;0;6;4;5;5;5;1;57;0;54;0;54;65
955;santana;31;1;recife;1;19;3;0;1;3;2;5;4;4;1;22;1;30;1;5;30
956;santana;16;1;recife;2;14;3;0;0;3;2;5;5;5;1;17;1;56;0;4;56
957;santana;48;2;recife;2;19;6;3000;1;4;3;5;5;5;1;18;1;38;1;4;38
958;santana;28;1;recife;1;17;6;0;0;3;2;5;4;4;1;59;1;60;0;8;60
959;santana;59;2;recife;2;15;5;0;1;3;2;4;4;5;1;57;0;37;0;37;65
960;santana;57;1;recife;2;19;7;5000;0;3;2;4;4;5;1;37;1;39;1;6;39
961;santana;56;2;recife;2;19;3;5000;0;3;2;5;4;5;1;50;0;44;1;44;57
962;santana;36;2;recife;2;17;1;0;1;3;1;4;5;5;1;27;0;5;1;5;32
963;santana;48;1;recife;2;10;1;998;1;2;2;5;4;4;1;34;1;40;0;6;40
964;santana;36;2;recife;2;15;1;0;1;3;3;4;5;5;1;30;0;28;1;28;35
965;santana;31;2;recife;1;17;1;0;1;2;5;3;4;5;1;15;0;9;0;9;19
966;santana;34;2;recife;1;17;2;2100;3;1;3;3;4;4;1;23;0;13;0;13;28
967;santana;64;1;recife;3;17;1;800;2;4;3;3;5;5;1;33;1;36;1;6;36
968;santana;24;2;recife;1;9;5;100;1;4;3;3;4;5;1;18;0;9;1;9;22
969;santana;27;1;recife;1;15;7;2000;1;4;4;3;4;4;1;22;0;13;1;13;27
970;santana;43;2;recife;2;19;3;2400;2;2;2;4;5;5;1;7;1;30;0;3;30
971;santana;43;2;recife;3;21;3;2000;2;3;5;3;4;5;1;38;0;32;1;32;44
972;santana;32;2;recife;1;15;1;1020;1;4;2;4;4;5;1;40;0;33;1;33;46
973;santana;55;2;recife;1;5;5;200;0;4;4;3;5;5;1;54;0;42;1;42;61
974;santana;34;2;recife;1;17;1;1300;1;4;2;4;5;5;1;12;0;7;1;7;15
975;santana;57;2;recife;2;0;5;0;2;4;2;5;5;5;1;28;0;25;0;25;33
976;santana;49;2;recife;2;12;5;0;5;4;2;5;5;5;2;11;0;10;1;10;14
977;santana;33;1;recife;1;19;3;1650;0;2;4;4;5;4;1;52;0;13;0;13;59
978;santana;31;1;recife;1;17;6;640;0;3;2;5;5;5;1;34;0;31;0;31;40
979;santana;51;1;recife;2;26;2;4500;0;3;2;5;5;5;1;50;1;53;0;7;53
980;santana;42;2;recife;2;17;7;2000;3;4;3;5;5;5;1;34;0;31;1;31;40
981;santana;61;1;recife;2;19;4;4000;0;6;3;5;5;5;1;45;1;54;1;7;54
982;santana;28;2;recife;2;17;3;1850;1;4;3;5;5;5;1;41;1;50;1;6;50
983;santana;25;1;recife;1;15;3;998;0;2;4;5;5;5;1;27;1;35;0;5;35
984;santana;38;1;recife;1;19;3;1600;0;3;3;5;5;5;1;5;1;22;0;2;22
985;santana;22;1;recife;1;15;1;600;0;2;2;5;5;5;1;21;1;26;1;5;26
986;santana;19;2;recife;1;15;6;0;0;2;2;5;5;5;1;26;1;50;0;5;50
987;santana;25;2;recife;1;17;6;900;0;3;2;5;5;4;1;38;0;8;1;8;44
988;santana;36;1;recife;2;21;3;0;1;6;2;5;5;3;1;51;0;7;1;7;58
989;santana;28;1;recife;1;19;3;1900;0;3;2;5;5;5;1;49;1;51;1;7;51
990;santana;27;2;recife;2;17;3;998;0;3;2;5;5;5;1;11;0;8;1;8;14
991;santana;29;2;recife;1;17;6;0;0;3;2;5;5;5;1;54;0;12;1;12;61
992;santana;35;1;recife;1;15;6;900;0;3;2;5;5;5;1;12;0;9;1;9;15
993;santana;44;2;recife;1;15;3;1450;1;4;3;5;5;5;1;11;0;10;1;10;14
994;santana;37;2;camaragibe;2;19;3;2500;2;4;4;4;5;5;1;25;1;57;0;5;57
995;santana;30;1;recife;1;14;1;0;0;3;3;5;5;5;1;36;0;5;1;5;42
996;santana;23;1;jaboatao;1;15;1;300;0;3;3;5;5;5;1;6;1;49;0;2;49
997;santana;26;1;jaboatao;1;15;3;998;0;3;3;5;5;5;1;28;0;10;1;10;33
998;santana;37;1;recife;2;19;3;0;2;4;3;5;5;5;1;36;0;17;1;17;42
999;santana;27;2;recife;1;17;3;1200;0;2;3;5;5;5;1;26;0;13;1;13;31
1000;santana;33;1;recife;1;15;3;1450;0;2;2;5;5;5;1;36;0;15;1;15;42
1001;santana;45;2;recife;3;15;1;0;1;4;1;5;5;5;1;14;0;11;1;11;18
1002;santana;43;2;recife;2;19;3;2000;2;4;3;4;5;5;1;28;1;50;1;5;50
1003;santana;38;1;recife;2;19;3;2400;1;4;2;5;4;5;1;13;0;11;1;11;17
1004;santana;25;1;recife;1;15;3;998;0;3;3;5;5;5;1;28;1;43;0;5;43
1005;santana;40;2;recife;2;21;3;3000;1;4;3;5;5;5;1;28;1;50;1;5;50
1006;santana;30;1;recife;1;12;1;500;0;3;2;5;5;5;1;14;0;12;1;12;18
1007;santana;36;2;recife;1;19;1;7000;1;3;3;4;5;5;1;16;1;23;1;4;23
1008;santana;34;2;recife;1;19;7;2000;1;4;5;4;5;4;1;19;1;51;1;4;51
1009;santana;35;1;recife;1;19;7;2000;0;3;2;4;4;4;1;27;1;40;1;5;40
1010;santana;57;2;recife;3;19;7;15000;0;3;6;4;4;5;1;47;0;31;0;31;54
1011;santana;30;2;recife;2;19;3;6000;0;3;6;4;4;3;1;49;1;54;1;7;54
1012;santana;60;2;recife;2;19;4;0;1;3;6;3;4;4;1;54;0;47;1;47;61
1013;santana;29;2;recife;1;15;3;1700;1;4;2;5;5;5;1;39;0;30;1;30;45
1014;santana;43;1;recife;3;26;2;5000;3;4;2;4;4;5;1;59;1;60;1;8;60
1015;santana;21;2;recife;1;15;1;0;0;2;4;5;4;4;1;55;1;56;0;7;56
1016;santana;26;2;recife;1;15;7;1000;0;2;2;5;4;5;1;45;0;42;0;42;52
1017;santana;28;2;recife;2;17;6;1400;0;6;3;3;5;5;1;15;0;4;1;4;19
1018;santana;22;1;recife;1;11;1;0;0;3;4;5;4;5;1;21;1;45;0;5;45
1019;santana;32;2;recife;2;19;2;2000;2;4;3;5;3;4;1;60;0;50;1;50;68
1020;santana;39;1;recife;2;19;3;1500;2;4;3;5;3;4;1;58;0;50;1;50;66
1021;santana;24;2;olinda;2;19;3;2500;1;4;4;4;4;5;1;54;0;17;1;17;61
1022;santana;55;1;recife;1;15;3;1485;0;1;1;4;4;5;2;18;1;29;1;4;29
1023;santana;32;2;recife;1;15;5;0;2;4;4;5;5;5;1;56;1;60;1;7;60
1024;santana;42;2;recife;1;17;2;5000;1;1;4;5;5;5;1;39;1;59;1;6;59
1025;santana;40;2;recife;4;17;4;8500;2;1;4;4;4;5;1;21;1;60;1;5;60
1026;santana;35;1;recife;2;17;2;5000;1;4;1;5;4;3;1;43;0;28;1;28;50
1027;santana;31;1;recife;2;19;7;5000;3;4;5;3;5;5;1;45;0;33;0;33;52
1028;santana;35;2;recife;3;19;3;7000;2;4;4;4;4;4;1;49;1;50;1;7;50
1029;santana;37;1;recife;2;19;7;5000;2;4;6;5;5;5;1;45;0;33;0;33;52
1030;santana;32;2;recife;2;15;5;0;1;4;3;4;4;4;1;11;1;19;1;3;19
1031;santana;58;1;recife;2;19;2;1200;0;4;4;5;5;5;1;18;1;40;0;4;40
1032;santana;39;2;recife;2;19;3;5000;1;4;3;4;4;4;1;39;1;44;1;6;44
1033;santana;35;1;recife;2;19;7;5000;2;4;4;3;5;5;1;39;0;25;1;25;45
1034;santana;38;2;recife;2;21;7;7000;1;4;4;4;4;4;1;27;0;17;0;17;32
1035;santana;71;2;recife;2;15;4;1000;0;2;2;4;4;5;1;45;0;31;0;31;52
1036;santana;29;1;recife;1;19;7;6000;0;3;2;4;4;4;1;6;0;4;0;4;8
1037;santana;63;2;recife;2;19;5;0;0;2;2;3;4;5;1;53;1;60;1;7;60
1038;santana;42;2;recife;3;19;7;6000;1;4;3;4;5;5;1;8;1;25;1;3;25
1039;santana;37;1;recife;2;19;7;5000;1;4;4;3;4;4;1;35;0;24;0;24;41
1040;santana;47;1;recife;3;19;3;6000;2;4;6;4;4;4;1;28;1;35;0;5;35
1041;santana;35;1;recife;2;19;7;5000;2;4;4;4;4;4;1;5;1;58;1;2;58
1042;santana;33;2;recife;2;17;7;1500;1;4;4;4;4;5;1;7;0;5;0;5;10
1043;santana;54;2;recife;2;19;7;10000;1;4;4;4;4;4;1;47;0;17;0;17;54
1044;santana;42;2;recife;2;19;2;4000;2;4;5;4;5;5;1;27;1;56;1;5;56
1045;santana;70;1;recife;4;15;4;1000;0;2;1;5;5;5;1;21;0;8;0;8;26
1046;santana;34;1;recife;2;19;2;3800;1;4;3;4;4;4;1;20;0;13;0;13;24
1047;santana;58;1;recife;2;17;7;4000;0;4;4;3;4;5;1;29;0;20;0;20;34
1048;santana;47;1;gravata;2;17;3;2000;3;4;4;3;4;4;1;52;0;42;0;42;59
1049;santana;42;2;recife;2;19;2;5000;2;2;4;5;4;4;1;25;1;58;1;5;58
1050;santana;65;2;recife;2;17;4;1000;0;2;4;5;5;5;1;24;0;16;0;16;29
1051;santana;70;1;recife;4;17;4;1000;0;2;1;5;4;5;1;12;0;10;0;10;15
1052;santana;30;1;recife;2;19;7;4000;1;4;2;4;3;3;1;19;0;13;0;13;23
1053;santana;37;1;recife;2;19;7;5000;1;3;4;3;4;4;1;40;0;39;0;39;46
1054;santana;42;1;recife;2;19;7;2000;1;3;3;4;5;5;1;47;1;57;0;7;57
1055;santana;38;1;recife;2;19;2;8000;1;3;5;4;5;4;1;48;1;55;0;7;55
1056;santana;32;2;recife;2;17;7;1600;1;4;5;3;4;3;1;5;1;34;1;2;34
1057;santana;45;2;recife;2;19;7;7000;2;4;4;3;5;4;1;35;1;39;1;6;39
1058;santana;32;1;recife;1;19;2;5000;1;4;4;4;4;4;1;40;0;35;0;35;46
1059;santana;96;1;recife;4;2;4;1000;0;2;1;5;5;5;1;50;0;16;0;16;57
1060;santana;65;1;recife;2;15;4;6000;1;4;6;4;5;4;1;17;1;22;1;4;22
1061;santana;82;1;recife;4;12;4;1000;1;2;1;4;5;5;1;59;0;7;0;7;67
1062;santana;36;2;recife;2;19;2;10000;1;4;5;4;5;4;1;39;1;51;0;6;51
1063;santana;37;1;recife;1;19;2;6500;2;4;4;3;5;4;1;50;0;11;0;11;57
1064;santana;56;1;recife;2;19;4;3500;1;3;1;4;4;5;1;39;0;36;0;36;45
1065;santana;67;1;jaboatao;2;17;4;1000;0;4;6;5;5;5;1;16;0;9;0;9;20
1066;santana;36;1;recife;2;19;7;5000;1;3;4;3;4;4;1;57;0;26;0;26;65
1067;santana;45;1;recife;2;19;2;5000;2;2;4;4;5;4;1;48;1;58;1;7;58
1068;santana;53;1;recife;2;19;3;6000;2;4;4;5;5;5;1;56;1;60;1;7;60
1069;santana;59;2;recife;2;19;5;0;1;2;4;4;4;3;1;17;1;29;0;4;29
1070;santana;39;1;recife;2;26;2;18000;2;3;6;3;4;4;1;43;1;60;1;7;60
1071;santana;66;2;recife;2;15;5;1000;2;4;2;3;5;4;1;22;0;20;0;20;27
1072;santana;35;1;recife;2;17;2;4000;1;4;5;4;4;3;1;28;1;32;1;5;32
1073;santana;43;2;recife;2;19;7;10000;3;4;4;3;5;4;1;5;1;60;0;2;60
1074;santana;37;2;recife;2;19;7;4000;2;4;5;5;5;5;1;32;1;41;0;6;41
1075;santana;75;1;recife;2;19;4;8000;1;4;4;4;4;3;1;10;1;11;0;3;11
1076;santana;44;1;recife;3;19;2;5000;0;3;3;4;4;4;1;46;1;59;1;7;59
1077;santana;32;1;recife;2;19;7;5000;1;4;6;5;5;5;1;37;1;48;1;6;48
1078;santana;31;1;recife;2;17;7;5000;2;4;3;5;4;4;1;35;0;16;0;16;41
1079;santana;39;1;recife;1;19;7;1000;1;3;3;4;5;5;1;59;1;60;1;8;60
1080;santana;25;2;recife;2;15;7;1000;1;3;3;4;4;3;1;14;1;26;1;4;26
1081;santana;58;1;recife;1;17;2;8000;1;3;1;3;4;3;1;45;1;60;1;7;60
1082;santana;53;1;recife;2;19;3;10000;3;2;3;3;4;4;1;53;0;40;1;40;60
;lagoaaraca;71;2;recife;;16;3;1431;;2;2;;;;;5;0;3;0;3;7
;lagoaaraca;42;1;recife;;20;6;954;;7;7;;;;;46;1;48;0;7;48
;lagoaaraca;26;2;recife;;16;2;477;;7;6;;;;;37;1;43;0;6;43
;lagoaaraca;62;1;recife;;16;6;477;;3;7;;;;;41;1;45;1;6;45
;lagoaaraca;52;1;recife;;8;2;954;;7;6;;;;;12;1;15;0;3;15
;lagoaaraca;55;1;recife;;15;6;477;;2;7;;;;;46;0;44;0;44;53
;lagoaaraca;46;1;recife;;18;2;4270;;3;1;;;;;11;0;8;0;8;14
;lagoaaraca;32;1;recife;;20;6;477;;3;6;;;;;16;0;13;0;13;20
;lagoaaraca;48;2;recife;;20;2;954;;3;7;;;;;16;1;19;0;4;19
;lagoaaraca;52;1;recife;;13;2;477;;7;1;;;;;21;1;25;1;5;25
;lagoaaraca;28;2;recife;;15;6;477;;7;7;;;;;14;1;17;1;4;17
;lagoaaraca;60;2;recife;;15;2;477;;2;1;;;;;40;0;35;0;35;46
;lagoaaraca;62;2;recife;;16;3;477;;2;6;;;;;3;1;5;1;2;5
;lagoaaraca;50;1;recife;;20;6;4270;;7;1;;;;;48;1;50;1;7;50
;lagoaaraca;48;2;recife;;16;6;1431;;7;7;;;;;46;1;48;0;7;48
;lagoaaraca;73;2;recife;;20;6;1431;;3;7;;;;;46;0;44;0;44;53
;lagoaaraca;22;1;recife;;16;5;477;;2;2;;;;;48;1;50;0;7;50
;lagoaaraca;43;1;recife;;8;2;477;;2;6;;;;;8;1;10;0;3;10
;lagoaaraca;37;1;recife;;16;6;1431;;7;6;;;;;43;0;40;0;40;50
;lagoaaraca;73;2;recife;;20;3;2385;;3;7;;;;;20;0;16;0;16;24
;lagoaaraca;50;1;recife;;20;2;2385;;2;6;;;;;27;0;16;0;16;32
;lagoaaraca;24;1;recife;;20;2;954;;3;7;;;;;17;1;20;1;4;20
;lagoaaraca;76;2;recife;;7;6;477;;7;7;;;;;18;1;21;1;4;21
;lagoaaraca;27;2;recife;;20;1;2385;;7;6;;;;;30;1;40;0;5;40
;lagoaaraca;31;1;recife;;16;2;477;;3;6;;;;;27;0;16;0;16;32
;lagoaaraca;44;2;recife;;16;2;477;;2;6;;;;;22;0;14;0;14;27
;lagoaaraca;41;1;recife;;16;2;954;;7;6;;;;;22;1;30;1;5;30
;lagoaaraca;35;1;recife;;16;2;954;;2;6;;;;;32;1;41;1;6;41
;lagoaaraca;22;2;recife;;16;2;477;;2;2;;;;;43;0;40;0;40;50
;lagoaaraca;57;2;recife;;20;1;954;;7;6;;;;;24;0;20;1;20;29
;lagoaaraca;39;2;recife;;16;6;954;;3;6;;;;;32;0;23;0;23;38
;lagoaaraca;18;2;recife;;17;5;477;;7;2;;;;;35;0;28;0;28;41
;lagoaaraca;71;1;recife;;20;3;4270;;2;7;;;;;24;0;20;1;20;29
;lagoaaraca;64;1;recife;;15;3;1431;;7;7;;;;;50;0;44;0;44;57
;lagoaaraca;57;1;recife;;16;6;954;;7;6;;;;;11;0;8;0;8;14
;lagoaaraca;70;1;recife;;20;3;1431;;7;7;;;;;13;0;10;1;10;17
;lagoaaraca;70;1;recife;;16;3;954;;7;7;;;;;11;0;8;0;8;14
;lagoaaraca;54;1;recife;;15;6;954;;7;6;;;;;17;0;14;0;14;21
;lagoaaraca;64;2;recife;;0;0;477;;7;2;;;;;24;0;18;0;18;29
;lagoaaraca;39;2;recife;;19;2;954;;7;2;;;;;16;1;19;1;4;19
;lagoaaraca;27;2;recife;;22;5;477;;7;2;;;;;45;0;43;0;43;52
;lagoaaraca;42;1;recife;;20;1;954;;3;7;;;;;46;0;44;0;44;53
;lagoaaraca;31;2;recife;;20;2;1431;;7;2;;;;;38;0;32;0;32;44
;lagoaaraca;42;1;recife;;20;2;1431;;7;2;;;;;43;0;40;0;40;50
;lagoaaraca;24;1;recife;;16;6;954;;7;6;;;;;8;1;10;1;3;10
;lagoaaraca;22;2;recife;;16;6;954;;7;6;;;;;37;0;31;0;31;43
;lagoaaraca;42;1;recife;;15;6;954;;7;1;;;;;17;0;14;0;14;21
;lagoaaraca;72;1;recife;;16;6;2385;;3;7;;;;;23;0;16;0;16;28
;lagoaaraca;64;2;recife;;6;6;954;;3;6;;;;;22;0;14;1;14;27
;lagoaaraca;31;2;recife;;17;2;954;;3;6;;;;;28;0;17;0;17;33
;lagoaaraca;26;2;recife;;16;2;954;;3;6;;;;;10;1;12;0;3;12
;lagoaaraca;46;1;recife;;16;6;1431;;3;7;;;;;7;0;5;0;5;10
;lagoaaraca;30;2;recife;;16;6;954;;3;6;;;;;29;0;19;0;19;34
;lagoaaraca;22;1;recife;;17;5;477;;3;6;;;;;46;0;44;0;44;53
;lagoaaraca;34;1;recife;;15;6;477;;7;1;;;;;36;0;29;0;29;42
;lagoaaraca;23;1;recife;;16;6;954;;7;6;;;;;2;1;3;1;1;3
;lagoaaraca;62;1;recife;;16;1;1431;;7;7;;;;;37;0;31;0;31;43
;lagoaaraca;46;1;recife;;16;6;2385;;3;7;;;;;12;0;9;0;9;15
;lagoaaraca;19;2;recife;;16;1;954;;7;1;;;;;3;0;1;0;1;5
;lagoaaraca;28;2;recife;;18;5;477;;3;6;;;;;32;0;23;0;23;38
;lagoaaraca;45;1;recife;;15;6;477;;7;1;;;;;37;0;31;0;31;43
;lagoaaraca;27;1;recife;;15;5;477;;7;6;;;;;43;0;40;0;40;50
;lagoaaraca;44;1;recife;;20;2;4270;;3;7;;;;;28;1;39;1;5;39
;lagoaaraca;42;2;recife;;16;2;954;;2;7;;;;;40;0;35;0;35;46
;lagoaaraca;40;1;recife;;20;2;2385;;3;7;;;;;33;1;41;0;6;41
;lagoaaraca;59;2;recife;;16;3;2385;;7;1;;;;;10;1;12;0;3;12
;lagoaaraca;54;1;recife;;18;6;1431;;3;7;;;;;25;0;15;0;15;30
;lagoaaraca;22;2;recife;;15;3;2385;;3;7;;;;;47;0;45;0;45;54
;lagoaaraca;48;2;recife;;22;1;2385;;3;7;;;;;35;0;28;0;28;41
;lagoaaraca;48;2;recife;;13;6;954;;2;7;;;;;31;0;22;0;22;37
;lagoaaraca;82;1;recife;;20;3;2385;;2;7;;;;;24;1;30;0;5;30
;lagoaaraca;62;2;recife;;15;6;954;;2;6;;;;;12;1;15;0;3;15
;lagoaaraca;24;2;recife;;20;2;1431;;3;7;;;;;35;0;28;0;28;41
;lagoaaraca;26;1;recife;;20;2;1431;;3;7;;;;;35;0;28;0;28;41
;lagoaaraca;44;1;recife;;20;6;4270;;3;7;;;;;10;1;12;0;3;12
;lagoaaraca;79;1;recife;;16;3;1431;;2;6;;;;;38;0;32;0;32;44
;lagoaaraca;63;1;recife;;16;6;1431;;2;6;;;;;42;0;38;0;38;48
;lagoaaraca;31;1;recife;;16;2;954;;3;6;;;;;23;0;16;0;16;28
;lagoaaraca;59;1;recife;;16;6;954;;2;6;;;;;20;1;24;0;4;24
;lagoaaraca;43;2;recife;;20;1;2385;;3;7;;;;;30;1;40;0;5;40
;lagoaaraca;24;1;recife;;16;2;954;;3;7;;;;;14;0;11;1;11;18
;lagoaaraca;28;1;recife;;16;1;954;;3;6;;;;;21;0;17;0;17;26
;lagoaaraca;54;1;recife;;17;1;1431;;2;2;;;;;27;0;16;0;16;32
;lagoaaraca;70;2;recife;;0;3;477;;3;7;;;;;26;1;36;0;5;36
;lagoaaraca;50;1;recife;;13;6;477;;7;1;;;;;46;0;44;0;44;53
;lagoaaraca;48;1;recife;;16;1;1431;;7;6;;;;;5;1;7;1;2;7
;lagoaaraca;68;1;recife;;7;3;477;;7;1;;;;;21;0;17;0;17;26
;lagoaaraca;42;2;recife;;8;6;477;;7;2;;;;;26;1;36;0;5;36
;lagoaaraca;52;2;recife;;13;6;477;;7;1;;;;;6;1;8;0;2;8
;lagoaaraca;38;2;recife;;16;3;477;;7;1;;;;;47;0;45;0;45;54
;lagoaaraca;30;1;recife;;15;0;477;;3;6;;;;;47;1;49;1;7;49
;lagoaaraca;57;1;recife;;16;6;1431;;3;7;;;;;40;0;35;0;35;46
;lagoaaraca;33;2;recife;;22;2;1431;;7;6;;;;;8;1;10;1;3;10
;lagoaaraca;58;2;recife;;16;2;954;;2;6;;;;;44;0;41;0;41;51
;lagoaaraca;60;1;recife;;13;2;1431;;2;1;;;;;34;0;26;0;26;40
;lagoaaraca;60;2;recife;;5;2;477;;2;7;;;;;17;1;20;1;4;20
;lagoaaraca;47;2;recife;;16;6;477;;7;7;;;;;3;0;1;0;1;5
;lagoaaraca;67;1;recife;;16;3;477;;7;7;;;;;42;0;38;0;38;48
;lagoaaraca;34;1;recife;;16;2;1431;;2;2;;;;;7;0;5;0;5;10
;lagoaaraca;36;2;recife;;16;2;954;;2;2;;;;;40;0;35;0;35;46
;lagoaaraca;43;1;recife;;15;2;2385;;2;6;;;;;11;0;8;0;8;14
;lagoaaraca;19;1;recife;;15;2;477;;2;7;;;;;42;0;38;0;38;48
;lagoaaraca;43;1;recife;;20;2;1431;;7;1;;;;;48;0;46;0;46;55
;lagoaaraca;51;2;recife;;16;3;2385;;3;1;;;;;25;0;15;0;15;30
;lagoaaraca;49;1;recife;;20;6;954;;3;7;;;;;43;0;40;0;40;50
;lagoaaraca;44;1;recife;;11;2;477;;7;7;;;;;13;0;10;0;10;17
;lagoaaraca;69;1;recife;;17;3;1431;;2;2;;;;;11;1;14;1;3;14
;lagoaaraca;61;1;recife;;16;3;477;;3;6;;;;;33;0;25;0;25;39
;lagoaaraca;51;2;recife;;22;2;2385;;3;7;;;;;21;0;17;0;17;26
;lagoaaraca;52;1;recife;;22;6;4270;;3;7;;;;;32;0;23;0;23;38
;lagoaaraca;40;2;recife;;22;6;8500;;7;1;;;;;1;1;3;0;1;3
;lagoaaraca;39;2;recife;;15;6;2385;;7;1;;;;;7;0;5;0;5;10
;lagoaaraca;59;1;recife;;16;1;2385;;7;2;;;;;30;1;40;0;5;40
;lagoaaraca;45;1;recife;;22;2;4270;;3;7;;;;;43;0;40;0;40;50
;lagoaaraca;41;1;recife;;20;6;8500;;2;1;;;;;21;0;17;0;17;26
;lagoaaraca;70;1;recife;;20;3;2385;;2;2;;;;;6;0;4;0;4;8
;lagoaaraca;60;1;recife;;20;3;8500;;7;6;;;;;21;0;17;0;17;26
;lagoaaraca;29;1;recife;;20;6;4270;;3;6;;;;;22;0;14;0;14;27
;lagoaaraca;49;2;recife;;20;6;2385;;3;7;;;;;12;0;9;0;9;15
;lagoaaraca;39;1;recife;;22;1;8500;;3;7;;;;;21;0;17;0;17;26
;lagoaaraca;55;1;recife;;22;3;1431;;7;1;;;;;21;0;17;0;17;26
;lagoaaraca;27;2;recife;;22;1;4270;;7;2;;;;;31;0;22;0;22;37
;lagoaaraca;72;2;recife;;20;3;2385;;7;6;;;;;23;0;16;0;16;28
;lagoaaraca;37;1;recife;;17;2;1431;;3;6;;;;;2;0;1;0;1;3
;lagoaaraca;62;2;recife;;20;3;8500;;2;1;;;;;49;0;44;0;44;56
;lagoaaraca;36;1;recife;;20;2;2385;;2;7;;;;;4;0;3;0;3;6
;lagoaaraca;25;1;recife;;17;1;1431;;3;6;;;;;29;0;19;0;19;34
;lagoaaraca;28;2;recife;;16;2;954;;7;1;;;;;13;0;10;0;10;17
;lagoaaraca;33;1;recife;;20;2;1431;;3;7;;;;;17;0;14;0;14;21
;lagoaaraca;48;2;recife;;16;2;954;;7;1;;;;;13;0;10;0;10;17
;lagoaaraca;71;2;recife;;20;3;4270;;2;1;;;;;44;0;41;0;41;51
;lagoaaraca;70;1;recife;;18;3;2385;;7;1;;;;;49;0;44;0;44;56
;lagoaaraca;50;1;recife;;16;3;1431;;2;1;;;;;17;0;14;0;14;21
;lagoaaraca;35;2;recife;;22;6;8500;;3;7;;;;;18;0;15;0;15;22
;lagoaaraca;51;2;recife;;17;2;1431;;7;7;;;;;5;1;7;0;2;7
;lagoaaraca;48;2;recife;;13;7;954;;7;7;;;;;1;1;3;1;1;3
;lagoaaraca;48;1;recife;;13;1;1431;;7;6;;;;;33;1;41;0;6;41
;lagoaaraca;23;1;recife;;7;2;954;;2;1;;;;;8;1;10;0;3;10
;lagoaaraca;38;2;recife;;22;1;2385;;2;7;;;;;40;0;35;0;35;46
;lagoaaraca;59;1;recife;;17;6;2385;;2;7;;;;;18;1;21;0;4;21
;lagoaaraca;55;2;recife;;20;6;2385;;2;7;;;;;18;1;26;0;4;26
;lagoaaraca;19;1;recife;;20;2;477;;2;7;;;;;38;1;44;1;6;44
;lagoaaraca;43;1;recife;;22;6;4270;;2;6;;;;;43;0;40;0;40;50
;lagoaaraca;31;1;recife;;18;5;1431;;2;6;;;;;13;1;16;0;4;16
;lagoaaraca;35;1;recife;;16;2;954;;3;7;;;;;25;1;35;0;5;35
;lagoaaraca;52;2;recife;;19;2;954;;2;7;;;;;37;1;43;1;6;43
;lagoaaraca;55;1;recife;;15;2;1431;;2;2;;;;;38;1;44;0;6;44
;lagoaaraca;55;2;recife;;17;2;954;;2;6;;;;;16;1;19;0;4;19
;lagoaaraca;30;1;recife;;22;2;4270;;7;7;;;;;10;0;8;0;8;13
;lagoaaraca;21;1;recife;;17;5;477;;3;1;;;;;5;1;7;1;2;7
;lagoaaraca;59;1;recife;;15;2;954;;7;7;;;;;28;0;17;0;17;33
;lagoaaraca;62;1;recife;;15;2;954;;7;7;;;;;5;0;3;0;3;7
;lagoaaraca;63;1;recife;;19;2;1431;;3;7;;;;;38;0;32;0;32;44
;lagoaaraca;78;1;recife;;16;3;8500;;2;7;;;;;23;1;30;0;5;30
;lagoaaraca;24;2;recife;;19;5;954;;3;6;;;;;12;1;9;0;3;9
;lagoaaraca;49;2;recife;;19;1;477;;7;7;;;;;4;1;5;0;2;5
;lagoaaraca;19;2;recife;;13;1;477;;7;7;;;;;42;1;46;1;6;46
;lagoaaraca;26;2;recife;;13;6;477;;7;7;;;;;12;1;15;0;3;15
;lagoaaraca;64;2;recife;;20;6;1431;;3;7;;;;;30;0;20;0;20;35
;lagoaaraca;33;1;recife;;15;6;954;;7;7;;;;;7;0;5;0;5;10
;lagoaaraca;63;2;recife;;20;3;4270;;3;6;;;;;49;1;50;0;7;50
;lagoaaraca;65;1;recife;;20;3;4270;;3;6;;;;;8;1;10;1;3;10
;lagoaaraca;37;2;recife;;20;2;954;;2;2;;;;;8;1;10;1;3;10
;lagoaaraca;20;1;recife;;18;5;477;;3;7;;;;;26;1;36;0;5;36
;lagoaaraca;46;1;recife;;22;6;8500;;3;7;;;;;3;1;7;1;2;7
;lagoaaraca;37;2;recife;;16;2;477;;3;6;;;;;23;1;30;0;5;30
;lagoaaraca;73;2;recife;;16;3;477;;2;6;;;;;37;0;31;0;31;43
;lagoaaraca;61;2;recife;;20;6;954;;3;7;;;;;16;0;13;0;13;20
;lagoaaraca;78;1;recife;;20;3;1431;;3;7;;;;;33;1;41;1;6;41
;lagoaaraca;23;1;recife;;20;1;2385;;3;2;;;;;46;0;44;0;44;53
;lagoaaraca;24;1;recife;;16;6;954;;3;2;;;;;36;1;43;0;6;43
;lagoaaraca;35;1;recife;;16;6;954;;3;6;;;;;2;1;5;1;1;5
;lagoaaraca;33;1;recife;;20;1;2385;;3;6;;;;;4;1;7;1;2;7
;lagoaaraca;76;1;recife;;20;3;8500;;;1;;;;;16;0;13;0;13;20
;lagoaaraca;69;2;recife;;16;3;954;;3;7;;;;;9;0;7;0;7;12
;lagoaaraca;35;2;recife;;22;1;954;;2;1;;;;;7;1;9;1;3;9
;lagoaaraca;26;1;recife;;16;6;1431;;3;6;;;;;48;1;50;1;7;50
;lagoaaraca;42;2;recife;;20;0;8500;;2;7;;;;;2;1;3;1;1;3
;lagoaaraca;27;1;recife;;20;2;2385;;2;7;;;;;10;1;12;1;3;12
;lagoaaraca;48;1;recife;;20;7;954;;3;7;;;;;20;0;16;0;16;24
;lagoaaraca;43;1;recife;;20;6;954;;7;7;;;;;28;0;17;0;17;33
;lagoaaraca;85;2;recife;;16;0;477;;7;6;;;;;44;1;47;0;7;47
;lagoaaraca;62;1;recife;;16;2;4270;;3;7;;;;;3;1;5;1;2;5
;lagoaaraca;29;1;recife;;17;6;2385;;3;6;;;;;15;0;12;0;12;19
;lagoaaraca;38;1;recife;;16;2;2385;;7;6;;;;;48;1;50;1;7;50
;lagoaaraca;45;2;recife;;20;2;2385;;3;7;;;;;16;1;19;1;4;19
;lagoaaraca;76;2;recife;;16;3;477;;2;7;;;;;29;0;19;0;19;34
;lagoaaraca;53;1;recife;;22;1;8500;;2;2;;;;;34;0;26;0;26;40
;lagoaaraca;51;1;recife;;22;1;2385;;5;7;;;;;22;1;30;0;5;30
;lagoaaraca;50;2;recife;;16;2;4270;;7;1;;;;;5;1;7;0;2;7
